date,open,high,low,close,preclose,volume
2020/1/2,3244.669922,3258.139893,3235.530029,3257.850098,3257.850098,3459930000
2020/1/3,3226.360107,3246.149902,3222.340088,3234.850098,3234.850098,3484700000
2020/1/6,3217.550049,3246.840088,3214.639893,3246.280029,3246.280029,3702460000
2020/1/7,3241.860107,3244.909912,3232.429932,3237.179932,3237.179932,3435910000
2020/1/8,3238.590088,3267.070068,3236.669922,3253.050049,3253.050049,3726840000
2020/1/9,3266.030029,3275.580078,3263.669922,3274.699951,3274.699951,3641230000
2020/1/10,3281.810059,3282.98999,3260.860107,3265.350098,3265.350098,3214580000
2020/1/13,3271.129883,3288.129883,3268.429932,3288.129883,3288.129883,3459390000
2020/1/14,3285.350098,3294.25,3277.189941,3283.149902,3283.149902,3687620000
2020/1/15,3282.27002,3298.659912,3280.689941,3289.290039,3289.290039,3721490000
2020/1/16,3302.969971,3317.110107,3302.820068,3316.810059,3316.810059,3540580000
2020/1/17,3323.659912,3329.879883,3318.860107,3329.620117,3329.620117,3726220000
2020/1/21,3321.030029,3329.790039,3316.610107,3320.790039,3320.790039,4104840000
2020/1/22,3330.02002,3337.77002,3320.040039,3321.75,3321.75,3623780000
2020/1/23,3315.77002,3326.879883,3301.870117,3325.540039,3325.540039,3766710000
2020/1/24,3333.100098,3333.179932,3281.530029,3295.469971,3295.469971,3708780000
2020/1/27,3247.159912,3258.850098,3234.5,3243.629883,3243.629883,3831050000
2020/1/28,3255.350098,3285.780029,3253.219971,3276.23999,3276.23999,3531570000
2020/1/29,3289.459961,3293.469971,3271.889893,3273.399902,3273.399902,3600250000
2020/1/30,3256.449951,3285.909912,3242.800049,3283.659912,3283.659912,3790350000
2020/1/31,3282.330078,3282.330078,3214.679932,3225.52002,3225.52002,4529700000
2020/2/3,3235.659912,3268.439941,3235.659912,3248.919922,3248.919922,3760460000
2020/2/4,3280.610107,3306.919922,3280.610107,3297.590088,3297.590088,3996900000
2020/2/5,3324.909912,3337.580078,3313.75,3334.689941,3334.689941,4121480000
2020/2/6,3344.919922,3347.959961,3334.389893,3345.780029,3345.780029,3887250000
2020/2/7,3335.540039,3341.419922,3322.120117,3327.709961,3327.709961,3733920000
2020/2/10,3318.280029,3352.26001,3317.77002,3352.090088,3352.090088,3462730000
2020/2/11,3365.870117,3375.629883,3352.719971,3357.75,3357.75,3762940000
2020/2/12,3370.5,3381.469971,3369.719971,3379.449951,3379.449951,3930910000
2020/2/13,3365.899902,3385.090088,3360.52002,3373.939941,3373.939941,3500890000
2020/2/14,3378.080078,3380.689941,3366.149902,3380.159912,3380.159912,3419700000
2020/2/18,3369.040039,3375.01001,3355.610107,3370.290039,3370.290039,3750400000
2020/2/19,3380.389893,3393.52002,3378.830078,3386.149902,3386.149902,3614200000
2020/2/20,3380.449951,3389.149902,3341.02002,3373.22998,3373.22998,4019180000
2020/2/21,3360.5,3360.76001,3328.449951,3337.75,3337.75,3908780000
2020/2/24,3257.610107,3259.810059,3214.649902,3225.889893,3225.889893,4851160000
2020/2/25,3238.939941,3246.98999,3118.77002,3128.209961,3128.209961,5596760000
2020/2/26,3139.899902,3182.51001,3108.98999,3116.389893,3116.389893,5484650000
2020/2/27,3062.540039,3097.070068,2977.389893,2978.76001,2978.76001,7064710000
2020/2/28,2916.899902,2959.719971,2855.840088,2954.219971,2954.219971,8569570000
2020/3/2,2974.280029,3090.959961,2945.189941,3090.22998,3090.22998,6381330000
2020/3/3,3096.459961,3136.719971,2976.629883,3003.370117,3003.370117,6376510000
2020/3/4,3045.75,3130.969971,3034.379883,3130.120117,3130.120117,5073020000
2020/3/5,3075.699951,3083.040039,2999.830078,3023.939941,3023.939941,5579290000
2020/3/6,2954.199951,2985.929932,2901.540039,2972.370117,2972.370117,6555240000
2020/3/9,2863.889893,2863.889893,2734.429932,2746.560059,2746.560059,8441290000
2020/3/10,2813.47998,2882.590088,2734,2882.22998,2882.22998,7642040000
2020/3/11,2825.600098,2825.600098,2707.219971,2741.379883,2741.379883,7431200000
2020/3/12,2630.860107,2660.949951,2478.860107,2480.639893,2480.639893,8850810000
2020/3/13,2569.98999,2711.330078,2492.370117,2711.02002,2711.02002,8299070000
2020/3/16,2508.590088,2562.97998,2380.939941,2386.129883,2386.129883,7805450000
2020/3/17,2425.659912,2553.929932,2367.040039,2529.189941,2529.189941,8370250000
2020/3/18,2436.5,2453.570068,2280.52002,2398.100098,2398.100098,8799300000
2020/3/19,2393.47998,2466.969971,2319.780029,2409.389893,2409.389893,7956100000
2020/3/20,2431.939941,2453.01001,2295.560059,2304.919922,2304.919922,9053950000
2020/3/23,2290.709961,2300.72998,2191.860107,2237.399902,2237.399902,7411380000
2020/3/24,2344.439941,2449.709961,2344.439941,2447.330078,2447.330078,7563150000
2020/3/25,2457.77002,2571.419922,2407.530029,2475.560059,2475.560059,8300010000
2020/3/26,2501.290039,2637.01001,2500.719971,2630.070068,2630.070068,7766990000
2020/3/27,2555.870117,2615.909912,2520.02002,2541.469971,2541.469971,6201670000
2020/3/30,2558.97998,2631.800049,2545.280029,2626.649902,2626.649902,5751120000
2020/3/31,2614.689941,2641.389893,2571.149902,2584.590088,2584.590088,6576210000
2020/4/1,2498.080078,2522.75,2447.48999,2470.5,2470.5,5964000000
2020/4/2,2458.540039,2533.219971,2455.790039,2526.899902,2526.899902,6464190000
2020/4/3,2514.919922,2538.179932,2459.959961,2488.649902,2488.649902,6096970000
2020/4/6,2578.280029,2676.850098,2574.570068,2663.679932,2663.679932,6403840000
2020/4/7,2738.649902,2756.889893,2657.669922,2659.409912,2659.409912,7050410000
2020/4/8,2685,2760.75,2663.300049,2749.97998,2749.97998,5875710000
2020/4/9,2776.98999,2818.570068,2762.360107,2789.820068,2789.820068,7899550000
2020/4/13,2782.459961,2782.459961,2721.169922,2761.629883,2761.629883,5319530000
2020/4/14,2805.100098,2851.850098,2805.100098,2846.060059,2846.060059,5615730000
2020/4/15,2795.639893,2801.879883,2761.540039,2783.360107,2783.360107,5208000000
2020/4/16,2799.340088,2806.51001,2764.320068,2799.550049,2799.550049,5228810000
2020/4/17,2842.429932,2879.219971,2830.879883,2874.560059,2874.560059,5804810000
2020/4/20,2845.620117,2868.97998,2820.429932,2823.159912,2823.159912,5228630000
2020/4/21,2784.810059,2785.540039,2727.100098,2736.560059,2736.560059,5121010000
2020/4/22,2787.889893,2815.100098,2775.949951,2799.310059,2799.310059,5084920000
2020/4/23,2810.419922,2844.899902,2794.26001,2797.800049,2797.800049,5773530000
2020/4/24,2812.639893,2842.709961,2791.76001,2836.73999,2836.73999,5382810000
2020/4/27,2854.649902,2887.719971,2852.889893,2878.47998,2878.47998,5203930000
2020/4/28,2909.959961,2921.149902,2860.709961,2863.389893,2863.389893,5691160000
2020/4/29,2918.459961,2954.860107,2912.159912,2939.51001,2939.51001,6645640000
2020/4/30,2930.909912,2930.909912,2892.469971,2912.429932,2912.429932,6544980000
2020/5/1,2869.090088,2869.090088,2821.610107,2830.709961,2830.709961,4759810000
2020/5/4,2815.01001,2844.23999,2797.850098,2842.73999,2842.73999,4735930000
2020/5/5,2868.879883,2898.22998,2863.550049,2868.439941,2868.439941,5140290000
2020/5/6,2883.139893,2891.110107,2847.649902,2848.419922,2848.419922,4892570000
2020/5/7,2878.26001,2901.919922,2876.47998,2881.189941,2881.189941,5178790000
2020/5/8,2908.830078,2932.159912,2902.879883,2929.800049,2929.800049,4876030000
2020/5/11,2915.459961,2944.25,2903.439941,2930.189941,2930.189941,4819730000
2020/5/12,2939.5,2945.820068,2869.590088,2870.120117,2870.120117,5119630000
2020/5/13,2865.860107,2874.139893,2793.149902,2820,2820,6151650000
2020/5/14,2794.540039,2852.800049,2766.639893,2852.5,2852.5,5651130000
2020/5/15,2829.949951,2865.01001,2816.780029,2863.699951,2863.699951,5507700000
2020/5/18,2913.860107,2968.090088,2913.860107,2953.909912,2953.909912,6373670000
2020/5/19,2948.590088,2964.209961,2922.350098,2922.939941,2922.939941,4984330000
2020/5/20,2953.629883,2980.290039,2953.629883,2971.610107,2971.610107,5005380000
2020/5/21,2969.949951,2978.5,2938.570068,2948.51001,2948.51001,4976620000
2020/5/22,2948.050049,2956.76001,2933.590088,2955.449951,2955.449951,3970860000
2020/5/26,3004.080078,3021.719971,2988.169922,2991.77002,2991.77002,5848500000
2020/5/27,3015.649902,3036.25,2969.75,3036.129883,3036.129883,6398000000
2020/5/28,3046.610107,3068.669922,3023.399902,3029.72998,3029.72998,5447020000
2020/5/29,3025.169922,3049.169922,2998.610107,3044.310059,3044.310059,7297550000
2020/6/1,3038.780029,3062.179932,3031.540039,3055.72998,3055.72998,4684170000
2020/6/2,3064.780029,3081.070068,3051.639893,3080.820068,3080.820068,5197150000
2020/6/3,3098.899902,3130.939941,3098.899902,3122.870117,3122.870117,6005560000
2020/6/4,3111.560059,3128.909912,3090.409912,3112.350098,3112.350098,6451290000
2020/6/5,3163.840088,3211.719971,3163.840088,3193.929932,3193.929932,8639300000
2020/6/8,3199.919922,3233.129883,3196,3232.389893,3232.389893,8498300000
2020/6/9,3213.320068,3222.709961,3193.110107,3207.179932,3207.179932,6410930000
2020/6/10,3213.419922,3223.27002,3181.48999,3190.139893,3190.139893,6598870000
2020/6/11,3123.530029,3123.530029,2999.48999,3002.100098,3002.100098,7037320000
2020/6/12,3071.040039,3088.419922,2984.469971,3041.310059,3041.310059,5845330000
2020/6/15,2993.76001,3079.76001,2965.659912,3066.590088,3066.590088,5757480000
2020/6/16,3131,3153.449951,3076.060059,3124.73999,3124.73999,5845810000
2020/6/17,3136.129883,3141.159912,3108.030029,3113.48999,3113.48999,4560450000
2020/6/18,3101.639893,3120,3093.51001,3115.340088,3115.340088,4448690000
2020/6/19,3140.290039,3155.530029,3083.110107,3097.73999,3097.73999,8346650000
2020/6/22,3094.419922,3120.919922,3079.389893,3117.860107,3117.860107,4686690000
2020/6/23,3138.699951,3154.899902,3127.120117,3131.290039,3131.290039,4711850000
2020/6/24,3114.399902,3115.01001,3032.129883,3050.330078,3050.330078,5597680000
2020/6/25,3046.600098,3086.25,3024.01001,3083.76001,3083.76001,4847690000
2020/6/26,3073.199951,3073.72998,3004.629883,3009.050049,3009.050049,8107850000
2020/6/29,3018.590088,3053.889893,2999.73999,3053.23999,3053.23999,4473970000
2020/6/30,3050.199951,3111.51001,3047.830078,3100.290039,3100.290039,4705850000
2020/7/1,3105.919922,3128.439941,3101.169922,3115.860107,3115.860107,4449230000
2020/7/2,3143.639893,3165.810059,3124.52002,3130.01001,3130.01001,4197720000
2020/7/6,3155.290039,3182.590088,3155.290039,3179.719971,3179.719971,4759160000
2020/7/7,3166.439941,3184.149902,3142.929932,3145.320068,3145.320068,4571330000
2020/7/8,3153.070068,3171.800049,3136.530029,3169.939941,3169.939941,4937310000
2020/7/9,3176.169922,3179.780029,3115.699951,3152.050049,3152.050049,4843650000
2020/7/10,3152.469971,3186.820068,3136.219971,3185.040039,3185.040039,4524190000
2020/7/13,3205.080078,3235.320068,3149.429932,3155.219971,3155.219971,4902440000
2020/7/14,3141.110107,3200.949951,3127.659912,3197.52002,3197.52002,4507140000
2020/7/15,3225.97998,3238.280029,3200.76001,3226.560059,3226.560059,4686830000
2020/7/16,3208.360107,3220.389893,3198.590088,3215.570068,3215.570068,3972860000
2020/7/17,3224.209961,3233.52002,3205.649902,3224.72998,3224.72998,4012850000
2020/7/20,3224.290039,3258.610107,3215.159912,3251.840088,3251.840088,3979340000
2020/7/21,3268.52002,3277.290039,3247.77002,3257.300049,3257.300049,4556610000
2020/7/22,3254.860107,3279.320068,3253.100098,3276.02002,3276.02002,4267160000
2020/7/23,3271.639893,3279.98999,3222.659912,3235.659912,3235.659912,4296760000
2020/7/24,3218.580078,3227.26001,3200.050049,3215.629883,3215.629883,3689410000
2020/7/27,3219.840088,3241.429932,3214.25,3239.409912,3239.409912,3970310000
2020/7/28,3234.27002,3243.719971,3216.169922,3218.439941,3218.439941,4053180000
2020/7/29,3227.219971,3264.73999,3227.219971,3258.439941,3258.439941,4478200000
2020/7/30,3231.76001,3250.919922,3204.129883,3246.219971,3246.219971,4264920000
2020/7/31,3270.449951,3272.169922,3220.26001,3271.120117,3271.120117,5007530000
2020/8/3,3288.26001,3302.72998,3284.530029,3294.610107,3294.610107,4438940000
2020/8/4,3289.919922,3306.840088,3286.370117,3306.51001,3306.51001,4414380000
2020/8/5,3317.370117,3330.77002,3317.370117,3327.77002,3327.77002,4535060000
2020/8/6,3323.169922,3351.030029,3318.139893,3349.159912,3349.159912,4278930000
2020/8/7,3340.050049,3352.540039,3328.719971,3351.280029,3351.280029,4110030000
2020/8/10,3356.040039,3363.290039,3335.439941,3360.469971,3360.469971,4327920000
2020/8/11,3370.340088,3381.01001,3326.439941,3333.689941,3333.689941,4880540000
2020/8/12,3355.459961,3387.889893,3355.459961,3380.350098,3380.350098,3772250000
2020/8/13,3372.949951,3387.23999,3363.350098,3373.429932,3373.429932,3438730000
2020/8/14,3368.659912,3378.51001,3361.639893,3372.850098,3372.850098,3200060000
2020/8/17,3380.860107,3387.590088,3379.219971,3381.98999,3381.98999,3460330000
2020/8/18,3387.040039,3395.060059,3370.149902,3389.780029,3389.780029,3669550000
2020/8/19,3392.51001,3399.540039,3369.659912,3374.850098,3374.850098,3679480000
2020/8/20,3360.47998,3390.800049,3354.689941,3385.51001,3385.51001,3431040000
2020/8/21,3386.01001,3399.959961,3379.310059,3397.159912,3397.159912,3505010000
2020/8/24,3418.090088,3432.090088,3413.129883,3431.280029,3431.280029,3743410000
2020/8/25,3435.949951,3444.209961,3425.840088,3443.620117,3443.620117,3627650000
2020/8/26,3449.969971,3481.070068,3444.149902,3478.72998,3478.72998,3780530000
2020/8/27,3485.139893,3501.379883,3468.350098,3484.550049,3484.550049,3955890000
2020/8/28,3494.689941,3509.22998,3484.320068,3508.01001,3508.01001,3868510000
2020/8/31,3509.72998,3514.77002,3493.25,3500.310059,3500.310059,4348280000
2020/9/1,3507.439941,3528.030029,3494.600098,3526.649902,3526.649902,4101490000
2020/9/2,3543.76001,3588.110107,3535.22998,3580.840088,3580.840088,4295640000
2020/9/3,3564.73999,3564.850098,3427.409912,3455.060059,3455.060059,4911830000
2020/9/4,3453.600098,3479.149902,3349.629883,3426.959961,3426.959961,4438720000
2020/9/8,3371.879883,3379.969971,3329.27002,3331.840088,3331.840088,4694330000
2020/9/9,3369.820068,3424.77002,3366.840088,3398.959961,3398.959961,3932520000
2020/9/10,3412.560059,3425.550049,3329.25,3339.189941,3339.189941,4208630000
2020/9/11,3352.699951,3368.949951,3310.469971,3340.969971,3340.969971,3710090000
2020/9/14,3363.560059,3402.929932,3363.560059,3383.540039,3383.540039,3839580000
2020/9/15,3407.72998,3419.47998,3389.25,3401.199951,3401.199951,4057190000
2020/9/16,3411.22998,3428.919922,3384.449951,3385.48999,3385.48999,4718900000
2020/9/17,3346.860107,3375.169922,3328.820068,3357.01001,3357.01001,4379840000
2020/9/18,3357.379883,3362.27002,3292.399902,3319.469971,3319.469971,7076400000
2020/9/21,3285.570068,3285.570068,3229.100098,3281.060059,3281.060059,4836070000
2020/9/22,3295.75,3320.310059,3270.949951,3315.570068,3315.570068,3974510000
2020/9/23,3320.110107,3323.350098,3232.570068,3236.919922,3236.919922,4378650000
2020/9/24,3226.139893,3278.699951,3209.449951,3246.590088,3246.590088,4601920000
2020/9/25,3236.659912,3306.879883,3228.439941,3298.459961,3298.459961,3803330000
2020/9/28,3333.899902,3360.73999,3332.909912,3351.600098,3351.600098,3950910000
2020/9/29,3350.919922,3357.919922,3327.540039,3335.469971,3335.469971,3661590000
2020/9/30,3341.209961,3393.560059,3340.469971,3363,3363,4738640000
2020/10/1,3385.870117,3397.179932,3361.389893,3380.800049,3380.800049,4076340000
2020/10/2,3338.939941,3369.100098,3323.689941,3348.419922,3348.419922,3975180000
2020/10/5,3367.27002,3409.570068,3367.27002,3408.600098,3408.600098,3692720000
2020/10/6,3408.73999,3431.560059,3354.540039,3360.969971,3360.969971,4453390000
2020/10/7,3384.560059,3426.26001,3384.560059,3419.439941,3419.439941,3814750000
2020/10/8,3434.280029,3447.280029,3428.149902,3446.830078,3446.830078,3867640000
2020/10/9,3459.669922,3482.340088,3458.070068,3477.139893,3477.139893,3944090000
2020/10/12,3500.02002,3549.850098,3499.610107,3534.219971,3534.219971,3435760000
2020/10/13,3534.01001,3534.01001,3500.860107,3511.929932,3511.929932,3611100000
2020/10/14,3515.469971,3527.939941,3480.550049,3488.669922,3488.669922,3858510000
2020/10/15,3453.719971,3489.080078,3440.889893,3483.340088,3483.340088,3724550000
2020/10/16,3493.5,3515.76001,3480.449951,3483.810059,3483.810059,4688030000
2020/10/19,3493.659912,3502.419922,3419.929932,3426.919922,3426.919922,4091080000
2020/10/20,3439.379883,3476.929932,3435.649902,3443.120117,3443.120117,3917850000
2020/10/21,3439.909912,3464.860107,3433.060059,3435.560059,3435.560059,4103960000
2020/10/22,3438.5,3460.530029,3415.340088,3453.48999,3453.48999,4172060000
2020/10/23,3464.899902,3466.459961,3440.449951,3465.389893,3465.389893,3651600000
2020/10/26,3441.419922,3441.419922,3364.860107,3400.969971,3400.969971,4002210000
2020/10/27,3403.149902,3409.51001,3388.709961,3390.679932,3390.679932,3962400000
2020/10/28,3342.47998,3342.47998,3268.889893,3271.030029,3271.030029,5139970000
2020/10/29,3277.169922,3341.050049,3259.820068,3310.110107,3310.110107,4911860000
2020/10/30,3293.590088,3304.929932,3233.939941,3269.959961,3269.959961,4843930000
2020/11/2,3296.199951,3330.139893,3279.73999,3310.23999,3310.23999,4314690000
2020/11/3,3336.25,3389.48999,3336.25,3369.159912,3369.159912,4241380000
2020/11/4,3406.459961,3486.25,3405.169922,3443.439941,3443.439941,4790400000
2020/11/5,3485.73999,3529.050049,3485.73999,3510.449951,3510.449951,4858150000
2020/11/6,3508.340088,3521.580078,3484.340088,3509.439941,3509.439941,4842460000
2020/11/9,3583.040039,3645.98999,3547.47998,3550.5,3550.5,8570510000
2020/11/10,3543.26001,3557.219971,3511.909912,3545.530029,3545.530029,6037470000
2020/11/11,3563.219971,3581.159912,3557,3572.659912,3572.659912,4635560000
2020/11/12,3562.669922,3569.02002,3518.580078,3537.01001,3537.01001,4909660000
2020/11/13,3552.570068,3593.659912,3552.570068,3585.149902,3585.149902,4719580000
2020/11/16,3600.159912,3628.51001,3600.159912,3626.909912,3626.909912,5295510000
2020/11/17,3610.310059,3623.110107,3588.679932,3609.530029,3609.530029,4812180000
2020/11/18,3612.090088,3619.090088,3567.330078,3567.790039,3567.790039,5284810000
2020/11/19,3559.409912,3585.219971,3543.840088,3581.870117,3581.870117,4363370000
2020/11/20,3579.310059,3581.22998,3556.850098,3557.540039,3557.540039,4236370000
2020/11/23,3566.820068,3589.810059,3552.77002,3577.590088,3577.590088,5057550000
2020/11/24,3594.52002,3642.310059,3594.52002,3635.409912,3635.409912,6280290000
2020/11/25,3635.5,3635.5,3617.76001,3629.649902,3629.649902,4910440000
2020/11/27,3638.550049,3644.310059,3629.330078,3638.350098,3638.350098,2778390000
2020/11/30,3634.179932,3634.179932,3594.389893,3621.629883,3621.629883,6308410000
2020/12/1,3645.870117,3678.449951,3645.870117,3662.449951,3662.449951,5418480000
2020/12/2,3653.780029,3670.959961,3644.840088,3669.01001,3669.01001,5041250000
2020/12/3,3668.280029,3682.72998,3657.169922,3666.719971,3666.719971,5065340000
2020/12/4,3670.939941,3699.199951,3670.939941,3699.120117,3699.120117,5099620000
2020/12/7,3694.72998,3697.409912,3678.879883,3691.959961,3691.959961,4804500000
2020/12/8,3683.050049,3708.449951,3678.830078,3702.25,3702.25,4584390000
2020/12/9,3705.97998,3712.389893,3660.540039,3672.820068,3672.820068,5232800000
2020/12/10,3659.129883,3678.48999,3645.179932,3668.100098,3668.100098,4658480000
2020/12/11,3656.080078,3665.909912,3633.399902,3663.459961,3663.459961,4375470000
2020/12/14,3675.27002,3697.610107,3645.840088,3647.48999,3647.48999,4623850000
2020/12/15,3666.409912,3695.290039,3659.620117,3694.620117,3694.620117,4387080000
2020/12/16,3696.25,3711.27002,3688.570068,3701.169922,3701.169922,4067040000
2020/12/17,3713.649902,3725.120117,3710.870117,3722.47998,3722.47998,4192810000
2020/12/18,3722.389893,3726.699951,3685.840088,3709.409912,3709.409912,7097100000
2020/12/21,3684.280029,3702.899902,3636.47998,3694.919922,3694.919922,4748580000
2020/12/22,3698.080078,3698.26001,3676.159912,3687.26001,3687.26001,4053310000
2020/12/23,3693.419922,3711.23999,3689.280029,3690.01001,3690.01001,3779160000
2020/12/24,3694.030029,3703.820068,3689.320068,3703.060059,3703.060059,1883780000
2020/12/28,3723.030029,3740.51001,3723.030029,3735.360107,3735.360107,3535460000
2020/12/29,3750.01001,3756.120117,3723.310059,3727.040039,3727.040039,3393290000
2020/12/30,3736.189941,3744.629883,3730.209961,3732.040039,3732.040039,3154850000
2020/12/31,3733.27002,3760.199951,3726.879883,3756.070068,3756.070068,3179040000
2021/1/4,3764.610107,3769.98999,3662.709961,3700.649902,3700.649902,5015000000
2021/1/5,3698.02002,3737.830078,3695.070068,3726.860107,3726.860107,4591020000
2021/1/6,3712.199951,3783.040039,3705.340088,3748.139893,3748.139893,6064110000
2021/1/7,3764.709961,3811.550049,3764.709961,3803.790039,3803.790039,5099160000
2021/1/8,3815.050049,3826.689941,3783.600098,3824.679932,3824.679932,4773040000
2021/1/11,3803.139893,3817.860107,3789.02002,3799.610107,3799.610107,4465430000
2021/1/12,3801.620117,3810.780029,3776.51001,3801.189941,3801.189941,4994950000
2021/1/13,3802.22998,3820.959961,3791.5,3809.840088,3809.840088,4602510000
2021/1/14,3814.97998,3823.600098,3792.860107,3795.540039,3795.540039,5198480000
2021/1/15,3788.72998,3788.72998,3749.620117,3768.25,3768.25,5369820000
2021/1/19,3781.879883,3804.530029,3780.370117,3798.909912,3798.909912,5014440000
2021/1/20,3816.219971,3859.75,3816.219971,3851.850098,3851.850098,4566190000
2021/1/21,3857.459961,3861.449951,3845.050049,3853.070068,3853.070068,4501760000
2021/1/22,3844.23999,3852.310059,3830.409912,3841.469971,3841.469971,5110890000
2021/1/25,3851.679932,3859.22998,3797.159912,3855.360107,3855.360107,7000840000
2021/1/26,3862.959961,3870.899902,3847.780029,3849.620117,3849.620117,6137500000
2021/1/27,3836.830078,3836.830078,3732.47998,3750.77002,3750.77002,9976520000
2021/1/28,3755.75,3830.5,3755.75,3787.379883,3787.379883,6992770000
2021/1/29,3778.050049,3778.050049,3694.120117,3714.23999,3714.23999,6643370000
2021/2/1,3731.169922,3784.320068,3725.620117,3773.860107,3773.860107,5436230000
2021/2/2,3791.840088,3843.090088,3791.840088,3826.310059,3826.310059,5514090000
2021/2/3,3840.27002,3847.51001,3816.679932,3830.169922,3830.169922,4864870000
2021/2/4,3836.659912,3872.419922,3836.659912,3871.73999,3871.73999,4879240000
2021/2/5,3878.300049,3894.560059,3874.929932,3886.830078,3886.830078,4879470000
2021/2/8,3892.590088,3915.77002,3892.590088,3915.590088,3915.590088,4648360000
2021/2/9,3910.48999,3918.350098,3902.639893,3911.22998,3911.22998,4568320000
2021/2/10,3920.780029,3931.5,3884.939941,3909.879883,3909.879883,4837070000
2021/2/11,3916.399902,3925.98999,3890.389893,3916.379883,3916.379883,4590960000
2021/2/12,3911.649902,3937.22998,3905.780029,3934.830078,3934.830078,4135060000
2021/2/16,3939.610107,3950.429932,3923.850098,3932.590088,3932.590088,5058990000
2021/2/17,3918.5,3933.610107,3900.429932,3931.330078,3931.330078,4730650000
2021/2/18,3915.860107,3921.97998,3885.030029,3913.969971,3913.969971,4793650000
2021/2/19,3921.159912,3930.409912,3903.070068,3906.709961,3906.709961,4845320000
2021/2/22,3885.550049,3902.919922,3874.709961,3876.5,3876.5,5917100000
2021/2/23,3857.070068,3895.97998,3805.590088,3881.370117,3881.370117,6296610000
2021/2/24,3873.709961,3928.649902,3859.600098,3925.429932,3925.429932,6012790000
2021/2/25,3915.800049,3925.02002,3814.040039,3829.340088,3829.340088,6547470000
2021/2/26,3839.659912,3861.080078,3789.540039,3811.149902,3811.149902,6526070000
2021/3/1,3842.51001,3914.5,3842.51001,3901.820068,3901.820068,5114820000
2021/3/2,3903.639893,3906.409912,3868.570068,3870.290039,3870.290039,5536010000
2021/3/3,3863.98999,3874.469971,3818.860107,3819.719971,3819.719971,6173660000
2021/3/4,3818.530029,3843.669922,3723.340088,3768.469971,3768.469971,7195400000
2021/3/5,3793.580078,3851.689941,3730.189941,3841.939941,3841.939941,6851070000
2021/3/8,3844.389893,3881.060059,3819.25,3821.350098,3821.350098,5871710000
2021/3/9,3851.929932,3903.76001,3851.929932,3875.439941,3875.439941,5513560000
2021/3/10,3891.98999,3917.350098,3885.72998,3898.810059,3898.810059,5847380000
2021/3/11,3915.540039,3960.27002,3915.540039,3939.340088,3939.340088,5312880000
2021/3/12,3924.52002,3944.98999,3915.209961,3943.340088,3943.340088,4476280000
2021/3/15,3942.959961,3970.080078,3923.540039,3968.939941,3968.939941,4900100000
2021/3/16,3973.590088,3981.040039,3953.439941,3962.709961,3962.709961,4613080000
2021/3/17,3949.570068,3983.870117,3935.73999,3974.120117,3974.120117,4561660000
2021/3/18,3953.5,3969.620117,3910.860107,3915.459961,3915.459961,5118590000
2021/3/19,3913.139893,3930.120117,3886.75,3913.100098,3913.100098,7757420000
2021/3/22,3916.47998,3955.310059,3914.159912,3940.590088,3940.590088,4316260000
2021/3/23,3937.600098,3949.129883,3901.570068,3910.52002,3910.52002,4669010000
2021/3/24,3919.929932,3942.080078,3889.070068,3889.139893,3889.139893,4783020000
2021/3/25,3879.340088,3919.540039,3853.5,3909.52002,3909.52002,4948340000
2021/3/26,3917.120117,3978.189941,3917.120117,3974.540039,3974.540039,5483160000
2021/3/29,3969.310059,3981.830078,3943.25,3971.090088,3971.090088,4628180000
2021/3/30,3963.340088,3968.01001,3944.350098,3958.550049,3958.550049,4121510000
2021/3/31,3967.25,3994.409912,3966.97998,3972.889893,3972.889893,4578050000
2021/4/1,3992.780029,4020.629883,3992.780029,4019.870117,4019.870117,4162130000
2021/4/5,4034.439941,4083.419922,4034.439941,4077.909912,4077.909912,4005030000
2021/4/6,4075.570068,4086.22998,4068.139893,4073.939941,4073.939941,4081270000
2021/4/7,4074.290039,4083.129883,4068.310059,4079.949951,4079.949951,4120810000
2021/4/8,4089.949951,4098.189941,4082.540039,4097.169922,4097.169922,3907100000
2021/4/9,4096.109863,4129.47998,4095.51001,4128.799805,4128.799805,3640390000
2021/4/12,4124.709961,4131.759766,4114.819824,4127.990234,4127.990234,3588900000
2021/4/13,4130.100098,4148,4124.430176,4141.589844,4141.589844,3734720000
2021/4/14,4141.580078,4151.689941,4120.870117,4124.660156,4124.660156,3985350000
2021/4/15,4139.759766,4173.490234,4139.759766,4170.419922,4170.419922,4033420000
2021/4/16,4174.140137,4191.310059,4170.75,4185.470215,4185.470215,4163820000
2021/4/19,4179.799805,4180.810059,4150.470215,4163.259766,4163.259766,3810290000
2021/4/20,4159.180176,4159.180176,4118.379883,4134.939941,4134.939941,4342650000
2021/4/21,4128.419922,4175.02002,4126.350098,4173.419922,4173.419922,3887250000
2021/4/22,4170.459961,4179.569824,4123.689941,4134.97998,4134.97998,4245140000
2021/4/23,4138.779785,4194.169922,4138.779785,4180.169922,4180.169922,3569880000
2021/4/26,4185.029785,4194.189941,4182.359863,4187.620117,4187.620117,3748320000
2021/4/27,4188.25,4193.350098,4176.220215,4186.720215,4186.720215,3710700000
2021/4/28,4185.140137,4201.529785,4181.779785,4183.180176,4183.180176,3787360000
2021/4/29,4206.140137,4218.779785,4176.810059,4211.470215,4211.470215,4298680000
2021/4/30,4198.100098,4198.100098,4174.850098,4181.169922,4181.169922,4300880000
2021/5/3,4191.97998,4209.390137,4188.029785,4192.660156,4192.660156,4070220000
2021/5/4,4179.040039,4179.040039,4128.589844,4164.660156,4164.660156,4452460000
2021/5/5,4177.060059,4187.720215,4160.939941,4167.589844,4167.589844,4230920000
2021/5/6,4169.140137,4202.700195,4147.330078,4201.620117,4201.620117,4511000000
2021/5/7,4210.339844,4238.040039,4201.640137,4232.600098,4232.600098,4016080000
2021/5/10,4228.290039,4236.390137,4188.129883,4188.430176,4188.430176,4560700000
2021/5/11,4150.339844,4162.040039,4111.529785,4152.100098,4152.100098,4870710000
2021/5/12,4130.549805,4134.72998,4056.879883,4063.040039,4063.040039,4733070000
2021/5/13,4074.98999,4131.580078,4074.98999,4112.5,4112.5,4779540000
2021/5/14,4129.580078,4183.129883,4129.580078,4173.850098,4173.850098,4008880000
2021/5/17,4169.919922,4171.919922,4142.689941,4163.290039,4163.290039,4125050000
2021/5/18,4165.939941,4169.149902,4125.990234,4127.830078,4127.830078,4398150000
2021/5/19,4098.450195,4116.930176,4061.409912,4115.680176,4115.680176,4247450000
2021/5/20,4121.970215,4172.799805,4121.970215,4159.120117,4159.120117,3978880000
2021/5/21,4168.609863,4188.720215,4151.720215,4155.859863,4155.859863,3995250000
2021/5/24,4170.160156,4209.52002,4170.160156,4197.049805,4197.049805,3684800000
2021/5/25,4205.939941,4213.419922,4182.52002,4188.129883,4188.129883,4182250000
2021/5/26,4191.589844,4202.609863,4184.109863,4195.990234,4195.990234,4420890000
2021/5/27,4201.939941,4213.379883,4197.779785,4200.879883,4200.879883,6406310000
2021/5/28,4210.77002,4218.359863,4203.569824,4204.109863,4204.109863,4649250000
2021/6/1,4216.52002,4234.120117,4197.589844,4202.040039,4202.040039,5074670000
2021/6/2,4206.819824,4217.370117,4198.27002,4208.120117,4208.120117,5833670000
2021/6/3,4191.430176,4204.390137,4167.930176,4192.850098,4192.850098,5587970000
2021/6/4,4206.049805,4233.450195,4206.049805,4229.890137,4229.890137,4139790000
2021/6/7,4229.339844,4232.339844,4215.660156,4226.52002,4226.52002,4476920000
2021/6/8,4233.810059,4236.740234,4208.410156,4227.259766,4227.259766,4659620000
2021/6/9,4232.990234,4237.089844,4218.740234,4219.549805,4219.549805,4713260000
2021/6/10,4228.560059,4249.740234,4220.339844,4239.180176,4239.180176,4408210000
2021/6/11,4242.899902,4248.379883,4232.25,4247.439941,4247.439941,3815010000
2021/6/14,4248.310059,4255.589844,4234.069824,4255.149902,4255.149902,4151200000
2021/6/15,4255.279785,4257.160156,4238.350098,4246.589844,4246.589844,4048940000
2021/6/16,4248.870117,4251.890137,4202.450195,4223.700195,4223.700195,4538350000
2021/6/17,4220.370117,4232.290039,4196.049805,4221.859863,4221.859863,5312680000
2021/6/18,4204.779785,4204.779785,4164.399902,4166.450195,4166.450195,6817010000
2021/6/21,4173.399902,4226.240234,4173.399902,4224.790039,4224.790039,4128950000
2021/6/22,4224.609863,4255.839844,4217.27002,4246.439941,4246.439941,3828390000
2021/6/23,4249.27002,4256.600098,4241.430176,4241.839844,4241.839844,3730350000
2021/6/24,4256.970215,4271.279785,4256.970215,4266.490234,4266.490234,3816660000
2021/6/25,4274.450195,4286.120117,4271.160156,4280.700195,4280.700195,7341450000
2021/6/28,4284.899902,4292.140137,4274.669922,4290.609863,4290.609863,4147890000
2021/6/29,4293.209961,4300.52002,4287.040039,4291.799805,4291.799805,3707150000
2021/6/30,4290.649902,4302.430176,4287.959961,4297.5,4297.5,4266040000
2021/7/1,4300.72998,4320.660156,4300.72998,4319.939941,4319.939941,3788230000
2021/7/2,4326.600098,4355.430176,4326.600098,4352.339844,4352.339844,3225840000
2021/7/6,4356.459961,4356.459961,4314.370117,4343.540039,4343.540039,4309570000
2021/7/7,4351.009766,4361.879883,4329.790039,4358.129883,4358.129883,4037380000
2021/7/8,4321.069824,4330.879883,4289.370117,4320.819824,4320.819824,4347500000
2021/7/9,4329.379883,4371.600098,4329.379883,4369.549805,4369.549805,3531120000
2021/7/12,4372.410156,4386.680176,4364.029785,4384.629883,4384.629883,3384460000
2021/7/13,4381.069824,4392.370117,4366.919922,4369.209961,4369.209961,3695430000
2021/7/14,4380.109863,4393.680176,4362.359863,4374.299805,4374.299805,4006370000
2021/7/15,4369.02002,4369.02002,4340.700195,4360.029785,4360.029785,3905230000
2021/7/16,4367.430176,4375.089844,4322.529785,4327.160156,4327.160156,3985700000
2021/7/19,4296.399902,4296.399902,4233.129883,4258.490234,4258.490234,5157660000
2021/7/20,4265.109863,4336.839844,4262.049805,4323.060059,4323.060059,4438270000
2021/7/21,4331.129883,4359.700195,4331.129883,4358.689941,4358.689941,3810280000
2021/7/22,4361.27002,4369.870117,4350.060059,4367.47998,4367.47998,3358300000
2021/7/23,4381.200195,4415.180176,4381.200195,4411.790039,4411.790039,4540070000
2021/7/26,4409.580078,4422.72998,4405.450195,4422.299805,4422.299805,4275630000
2021/7/27,4416.379883,4416.379883,4372.509766,4401.459961,4401.459961,4241950000
2021/7/28,4402.950195,4415.470215,4387.009766,4400.640137,4400.640137,4215290000
2021/7/29,4403.589844,4429.970215,4403.589844,4419.149902,4419.149902,4044600000
2021/7/30,4395.120117,4412.25,4389.649902,4395.259766,4395.259766,3956740000
2021/8/2,4406.859863,4422.180176,4384.810059,4387.160156,4387.160156,3724090000
2021/8/3,4392.740234,4423.790039,4373,4423.149902,4423.149902,3965190000
2021/8/4,4415.950195,4416.169922,4400.22998,4402.660156,4402.660156,4260760000
2021/8/5,4408.859863,4429.759766,4408.859863,4429.100098,4429.100098,3769410000
2021/8/6,4429.069824,4440.819824,4429.069824,4436.52002,4436.52002,3451870000
2021/8/9,4437.77002,4439.390137,4424.740234,4432.350098,4432.350098,3449280000
2021/8/10,4435.790039,4445.209961,4430.029785,4436.75,4436.75,3886610000
2021/8/11,4442.180176,4449.439941,4436.419922,4442.410156,4442.410156,3532560000
2021/8/12,4446.080078,4461.77002,4435.959961,4460.830078,4460.830078,3375310000
2021/8/13,4464.839844,4468.370117,4460.819824,4468,4468,3016470000
2021/8/16,4461.649902,4480.259766,4437.660156,4479.709961,4479.709961,3370640000
2021/8/17,4462.120117,4462.120117,4417.830078,4448.080078,4448.080078,3836960000
2021/8/18,4440.939941,4454.319824,4397.589844,4400.27002,4400.27002,3755590000
2021/8/19,4382.439941,4418.609863,4367.72998,4405.799805,4405.799805,4398410000
2021/8/20,4410.560059,4444.350098,4406.799805,4441.669922,4441.669922,3652610000
2021/8/23,4450.290039,4489.879883,4450.290039,4479.529785,4479.529785,3576530000
2021/8/24,4484.399902,4492.810059,4482.279785,4486.22998,4486.22998,3979220000
2021/8/25,4490.450195,4501.709961,4485.660156,4496.189941,4496.189941,3444700000
2021/8/26,4493.75,4495.899902,4468.990234,4470,4470,3263980000
2021/8/27,4474.100098,4513.330078,4474.100098,4509.370117,4509.370117,3331200000
2021/8/30,4513.759766,4537.359863,4513.759766,4528.790039,4528.790039,3168660000
2021/8/31,4529.75,4531.390137,4515.799805,4522.680176,4522.680176,4290710000
2021/9/1,4528.799805,4537.109863,4522.02002,4524.089844,4524.089844,4057340000
2021/9/2,4534.47998,4545.850098,4524.660156,4536.950195,4536.950195,3735990000
2021/9/3,4532.419922,4541.450195,4521.299805,4535.430176,4535.430176,3217530000
2021/9/7,4535.379883,4535.379883,4513,4520.029785,4520.029785,3822960000
2021/9/8,4518.089844,4521.790039,4493.950195,4514.069824,4514.069824,3750880000
2021/9/9,4513.02002,4529.899902,4492.069824,4493.279785,4493.279785,3735390000
2021/9/10,4506.919922,4520.470215,4457.660156,4458.580078,4458.580078,3623180000
2021/9/13,4474.810059,4492.990234,4445.700195,4468.72998,4468.72998,3914220000
2021/9/14,4479.330078,4485.680176,4435.459961,4443.049805,4443.049805,3670460000
2021/9/15,4447.490234,4486.870117,4438.370117,4480.700195,4480.700195,4032020000
2021/9/16,4477.089844,4485.870117,4443.799805,4473.75,4473.75,3984560000
2021/9/17,4469.740234,4471.52002,4427.759766,4432.990234,4432.990234,7289530000
2021/9/20,4402.950195,4402.950195,4305.910156,4357.72998,4357.72998,4898070000
2021/9/21,4374.450195,4394.870117,4347.959961,4354.189941,4354.189941,3920920000
2021/9/22,4367.430176,4416.75,4367.430176,4395.640137,4395.640137,3939170000
2021/9/23,4406.75,4465.399902,4406.75,4448.97998,4448.97998,3916350000
2021/9/24,4438.040039,4463.120117,4430.27002,4455.47998,4455.47998,3384290000
2021/9/27,4442.120117,4457.299805,4436.189941,4443.109863,4443.109863,4058650000
2021/9/28,4419.540039,4419.540039,4346.330078,4352.629883,4352.629883,4416550000
2021/9/29,4362.410156,4385.569824,4355.080078,4359.459961,4359.459961,3712660000
2021/9/30,4370.669922,4382.549805,4306.240234,4307.540039,4307.540039,4448140000
2021/10/1,4317.160156,4375.189941,4288.52002,4357.040039,4357.040039,4010370000
2021/10/4,4348.839844,4355.509766,4278.939941,4300.459961,4300.459961,4307870000
2021/10/5,4309.870117,4369.22998,4309.870117,4345.720215,4345.720215,3902890000
2021/10/6,4319.569824,4365.569824,4290.490234,4363.549805,4363.549805,4009630000
2021/10/7,4383.72998,4429.970215,4383.72998,4399.759766,4399.759766,3843740000
2021/10/8,4406.509766,4412.02002,4386.220215,4391.339844,4391.339844,3280160000
2021/10/11,4385.439941,4415.879883,4360.589844,4361.189941,4361.189941,3281970000
2021/10/12,4368.310059,4374.890137,4342.089844,4350.649902,4350.649902,3558450000
2021/10/13,4358.009766,4372.870117,4329.919922,4363.799805,4363.799805,3620070000
2021/10/14,4386.75,4439.72998,4386.75,4438.259766,4438.259766,3598280000
2021/10/15,4447.689941,4475.819824,4447.689941,4471.370117,4471.370117,3819380000
2021/10/18,4463.720215,4488.75,4447.470215,4486.459961,4486.459961,3662010000
2021/10/19,4497.339844,4520.399902,4496.410156,4519.629883,4519.629883,3459130000
2021/10/20,4524.419922,4540.870117,4524.399902,4536.189941,4536.189941,3670760000
2021/10/21,4532.240234,4551.439941,4526.890137,4549.779785,4549.779785,3822330000
2021/10/22,4546.120117,4559.669922,4524,4544.899902,4544.899902,3758220000
2021/10/25,4553.689941,4572.620117,4537.359863,4566.47998,4566.47998,3899400000
2021/10/26,4578.689941,4598.529785,4569.169922,4574.790039,4574.790039,3879740000
2021/10/27,4580.220215,4584.569824,4551.660156,4551.680176,4551.680176,4226050000
2021/10/28,4562.839844,4597.549805,4562.839844,4596.419922,4596.419922,4132950000
2021/10/29,4572.870117,4608.080078,4567.589844,4605.379883,4605.379883,4510200000
2021/11/1,4610.620117,4620.339844,4595.060059,4613.669922,4613.669922,3971540000
2021/11/2,4613.339844,4635.149902,4613.339844,4630.649902,4630.649902,3975250000
2021/11/3,4630.649902,4663.459961,4621.189941,4660.569824,4660.569824,4319660000
2021/11/4,4662.930176,4683,4662.589844,4680.060059,4680.060059,4462300000
2021/11/5,4699.259766,4718.5,4681.319824,4697.529785,4697.529785,4467180000
2021/11/8,4701.47998,4714.919922,4694.390137,4701.700195,4701.700195,4269710000
2021/11/9,4707.25,4708.529785,4670.870117,4685.25,4685.25,4117080000
2021/11/10,4670.259766,4684.850098,4630.859863,4646.709961,4646.709961,4503720000
2021/11/11,4659.390137,4664.549805,4648.310059,4649.27002,4649.27002,3926870000
2021/11/12,4655.240234,4688.470215,4650.77002,4682.850098,4682.850098,3728600000
2021/11/15,4689.299805,4697.419922,4672.859863,4682.799805,4682.799805,3488410000
2021/11/16,4679.419922,4714.950195,4679.419922,4700.899902,4700.899902,3972640000
2021/11/17,4701.5,4701.5,4684.410156,4688.669922,4688.669922,3969070000
2021/11/18,4700.720215,4708.799805,4672.779785,4704.540039,4704.540039,4226410000
2021/11/19,4708.439941,4717.75,4694.220215,4697.959961,4697.959961,4253180000
2021/11/22,4712,4743.830078,4682.169922,4682.939941,4682.939941,4441100000
2021/11/23,4678.47998,4699.390137,4652.660156,4690.700195,4690.700195,4277590000
2021/11/24,4675.779785,4702.870117,4659.890137,4701.459961,4701.459961,3418430000
2021/11/26,4664.629883,4664.629883,4585.430176,4594.620117,4594.620117,3517700000
2021/11/29,4628.75,4672.950195,4625.259766,4655.27002,4655.27002,4336410000
2021/11/30,4640.25,4646.02002,4560,4567,4567,6625990000
2021/12/1,4602.819824,4652.939941,4510.27002,4513.040039,4513.040039,5366730000
2021/12/2,4504.72998,4595.459961,4504.72998,4577.100098,4577.100098,5077180000
2021/12/3,4589.490234,4608.029785,4495.120117,4538.430176,4538.430176,5240070000
2021/12/6,4548.370117,4612.600098,4540.509766,4591.669922,4591.669922,4770800000
2021/12/7,4631.970215,4694.040039,4631.970215,4686.75,4686.75,4492400000
2021/12/8,4690.859863,4705.060059,4674.52002,4701.209961,4701.209961,4234600000
2021/12/9,4691,4695.259766,4665.97998,4667.450195,4667.450195,3903840000
2021/12/10,4687.640137,4713.569824,4670.240234,4712.02002,4712.02002,3870110000
2021/12/13,4710.299805,4710.299805,4667.600098,4668.970215,4668.970215,4397230000
2021/12/14,4642.990234,4660.470215,4606.52002,4634.089844,4634.089844,4485430000
2021/12/15,4636.459961,4712.600098,4611.220215,4709.850098,4709.850098,4910130000
2021/12/16,4719.129883,4731.990234,4651.890137,4668.669922,4668.669922,4829500000
2021/12/17,4652.5,4666.700195,4600.220215,4620.640137,4620.640137,7987090000
2021/12/20,4587.899902,4587.899902,4531.100098,4568.02002,4568.02002,4635700000
2021/12/21,4594.959961,4651.140137,4583.160156,4649.22998,4649.22998,4072430000
2021/12/22,4650.359863,4697.669922,4645.529785,4696.560059,4696.560059,3319610000
2021/12/23,4703.959961,4740.740234,4703.959961,4725.790039,4725.790039,2913040000
2021/12/27,4733.990234,4791.490234,4733.990234,4791.189941,4791.189941,2770290000
2021/12/28,4795.490234,4807.02002,4780.040039,4786.350098,4786.350098,2707920000
2021/12/29,4788.640137,4804.060059,4778.080078,4793.060059,4793.060059,2963310000
2021/12/30,4794.22998,4808.930176,4775.330078,4778.72998,4778.72998,3124950000
2021/12/31,4775.209961,4786.830078,4765.75,4766.180176,4766.180176,2677820000
2022/1/3,4778.140137,4796.640137,4758.169922,4796.560059,4796.560059,3831020000
2022/1/4,4804.509766,4818.620117,4774.27002,4793.540039,4793.540039,4683170000
2022/1/5,4787.990234,4797.700195,4699.439941,4700.580078,4700.580078,4887960000
2022/1/6,4693.390137,4725.009766,4671.259766,4696.049805,4696.049805,4295280000
2022/1/7,4697.660156,4707.950195,4662.740234,4677.029785,4677.029785,4181510000
2022/1/10,4655.339844,4673.02002,4582.240234,4670.290039,4670.290039,4511810000
2022/1/11,4669.140137,4714.129883,4638.27002,4713.069824,4713.069824,4101590000
2022/1/12,4728.589844,4748.830078,4706.709961,4726.350098,4726.350098,4048220000
2022/1/13,4733.560059,4744.129883,4650.290039,4659.029785,4659.029785,4251730000
2022/1/14,4637.990234,4665.129883,4614.75,4662.850098,4662.850098,4338490000
2022/1/18,4632.240234,4632.240234,4568.700195,4577.109863,4577.109863,4748700000
2022/1/19,4588.029785,4611.549805,4530.200195,4532.759766,4532.759766,4465740000
2022/1/20,4547.350098,4602.109863,4477.950195,4482.72998,4482.72998,4640870000
2022/1/21,4471.379883,4494.52002,4395.339844,4397.939941,4397.939941,5589100000
2022/1/24,4356.319824,4417.350098,4222.620117,4410.129883,4410.129883,6928110000
2022/1/25,4366.640137,4411.009766,4287.109863,4356.450195,4356.450195,5145050000
2022/1/26,4408.430176,4453.22998,4304.799805,4349.930176,4349.930176,5570640000
2022/1/27,4380.580078,4428.740234,4309.5,4326.509766,4326.509766,5214200000
2022/1/28,4336.189941,4432.720215,4292.459961,4431.850098,4431.850098,5031090000
2022/1/31,4431.790039,4516.890137,4414.02002,4515.549805,4515.549805,5098610000
2022/2/1,4519.569824,4550.490234,4483.529785,4546.540039,4546.540039,4816830000
2022/2/2,4566.390137,4595.310059,4544.319824,4589.379883,4589.379883,4481580000
2022/2/3,4535.410156,4542.879883,4470.390137,4477.439941,4477.439941,4401970000
2022/2/4,4482.790039,4539.660156,4451.5,4500.529785,4500.529785,4706290000
2022/2/7,4505.75,4521.859863,4471.470215,4483.870117,4483.870117,4228480000
2022/2/8,4480.02002,4531.319824,4465.399902,4521.540039,4521.540039,4459620000
2022/2/9,4547,4590.029785,4547,4587.180176,4587.180176,4524350000
2022/2/10,4553.240234,4588.919922,4484.310059,4504.080078,4504.080078,5314860000
2022/2/11,4506.27002,4526.330078,4401.410156,4418.640137,4418.640137,5251500000
2022/2/14,4412.609863,4426.220215,4364.839844,4401.669922,4401.669922,4600390000
2022/2/15,4429.279785,4472.77002,4429.279785,4471.069824,4471.069824,4430830000
2022/2/16,4455.75,4489.549805,4429.680176,4475.009766,4475.009766,4283640000
2022/2/17,4456.060059,4456.060059,4373.810059,4380.259766,4380.259766,4539420000
2022/2/18,4384.569824,4394.600098,4327.220215,4348.870117,4348.870117,4708060000
2022/2/22,4332.740234,4362.120117,4267.109863,4304.759766,4304.759766,5121900000
2022/2/23,4324.930176,4341.509766,4221.509766,4225.5,4225.5,4797430000
2022/2/24,4155.77002,4294.72998,4114.649902,4288.700195,4288.700195,6752130000
2022/2/25,4298.379883,4385.339844,4286.830078,4384.649902,4384.649902,5177060000
2022/2/28,4354.169922,4388.839844,4315.120117,4373.939941,4373.939941,6071370000
2022/3/1,4363.140137,4378.450195,4279.540039,4306.259766,4306.259766,5846230000
2022/3/2,4322.560059,4401.47998,4322.560059,4386.540039,4386.540039,5337870000
2022/3/3,4401.310059,4416.779785,4345.560059,4363.490234,4363.490234,5039890000
2022/3/4,4342.120117,4342.120117,4284.97998,4328.870117,4328.870117,5797380000
2022/3/7,4327.009766,4327.009766,4199.850098,4201.089844,4201.089844,6940470000
2022/3/8,4202.660156,4276.939941,4157.870117,4170.700195,4170.700195,7243120000
2022/3/9,4223.100098,4299.399902,4223.100098,4277.879883,4277.879883,5662670000
2022/3/10,4252.549805,4268.279785,4209.799805,4259.52002,4259.52002,4980830000
2022/3/11,4279.5,4291.009766,4200.490234,4204.310059,4204.310059,4938640000
2022/3/14,4202.75,4247.569824,4161.720215,4173.109863,4173.109863,5574920000
2022/3/15,4188.819824,4271.049805,4187.899902,4262.450195,4262.450195,5392470000
2022/3/16,4288.140137,4358.899902,4251.990234,4357.859863,4357.859863,6309750000
2022/3/17,4345.109863,4412.669922,4335.649902,4411.669922,4411.669922,4985090000
2022/3/18,4407.339844,4465.399902,4390.569824,4463.120117,4463.120117,8278430000
2022/3/21,4462.399902,4481.75,4424.299805,4461.180176,4461.180176,4869820000
2022/3/22,4469.100098,4522,4469.100098,4511.609863,4511.609863,4754840000
2022/3/23,4493.100098,4501.069824,4455.810059,4456.240234,4456.240234,4550670000
2022/3/24,4469.97998,4520.580078,4465.169922,4520.160156,4520.160156,4131390000
2022/3/25,4522.910156,4546.029785,4501.069824,4543.060059,4543.060059,4305020000
2022/3/28,4541.089844,4575.649902,4517.689941,4575.52002,4575.52002,4312260000
2022/3/29,4602.859863,4637.299805,4589.660156,4631.600098,4631.600098,5085910000
2022/3/30,4624.200195,4627.77002,4581.319824,4602.450195,4602.450195,4385570000
2022/3/31,4599.02002,4603.069824,4530.410156,4530.410156,4530.410156,4823020000
2022/4/1,4540.319824,4548.700195,4507.569824,4545.859863,4545.859863,4562940000
2022/4/4,4547.970215,4583.5,4539.209961,4582.640137,4582.640137,4547350000
2022/4/5,4572.450195,4593.450195,4514.169922,4525.120117,4525.120117,4800620000
2022/4/6,4494.169922,4503.939941,4450.040039,4481.149902,4481.149902,4986830000
2022/4/7,4474.649902,4521.160156,4450.299805,4500.209961,4500.209961,4821490000
2022/4/8,4494.149902,4520.410156,4474.600098,4488.279785,4488.279785,4083200000
2022/4/11,4462.640137,4464.350098,4408.379883,4412.529785,4412.529785,4266290000
2022/4/12,4437.589844,4471,4381.339844,4397.450195,4397.450195,4152090000
2022/4/13,4394.299805,4453.919922,4392.700195,4446.589844,4446.589844,3828150000
2022/4/14,4449.120117,4460.459961,4390.77002,4392.589844,4392.589844,4083090000
2022/4/18,4385.629883,4410.310059,4370.299805,4391.689941,4391.689941,3910490000
2022/4/19,4390.629883,4471.029785,4390.629883,4462.209961,4462.209961,4108120000
2022/4/20,4472.259766,4488.290039,4448.759766,4459.450195,4459.450195,4290450000
2022/4/21,4489.169922,4512.939941,4384.470215,4393.660156,4393.660156,4636890000
2022/4/22,4385.830078,4385.830078,4267.620117,4271.779785,4271.779785,4651940000
2022/4/25,4255.339844,4299.02002,4200.819824,4296.120117,4296.120117,5240040000
2022/4/26,4278.140137,4278.140137,4175.040039,4175.200195,4175.200195,4689970000
2022/4/27,4186.52002,4240.709961,4162.899902,4183.959961,4183.959961,4769680000
2022/4/28,4222.580078,4308.450195,4188.629883,4287.5,4287.5,4854180000
2022/4/29,4253.75,4269.680176,4124.279785,4131.930176,4131.930176,5084030000
2022/5/2,4130.609863,4169.810059,4062.51001,4155.379883,4155.379883,5163790000
2022/5/3,4159.779785,4200.100098,4147.080078,4175.47998,4175.47998,4582050000
2022/5/4,4181.180176,4307.660156,4148.910156,4300.169922,4300.169922,5136360000
2022/5/5,4270.430176,4270.430176,4106.009766,4146.870117,4146.870117,5077030000
2022/5/6,4128.169922,4157.689941,4067.909912,4123.339844,4123.339844,5116940000
2022/5/9,4081.27002,4081.27002,3975.47998,3991.23999,3991.23999,5954520000
2022/5/10,4035.179932,4068.820068,3958.169922,4001.050049,4001.050049,5885820000
2022/5/11,3990.080078,4049.090088,3928.820068,3935.179932,3935.179932,5816140000
2022/5/12,3903.949951,3964.800049,3858.870117,3930.080078,3930.080078,6286450000
2022/5/13,3963.899902,4038.879883,3963.899902,4023.889893,4023.889893,5183340000
2022/5/16,4013.02002,4046.459961,3983.98999,4008.01001,4008.01001,4415030000
2022/5/17,4052,4090.719971,4033.929932,4088.850098,4088.850098,4841410000
2022/5/18,4051.97998,4051.97998,3911.909912,3923.679932,3923.679932,5103220000
2022/5/19,3899,3945.959961,3876.580078,3900.790039,3900.790039,5113550000
2022/5/20,3927.76001,3943.419922,3810.320068,3901.360107,3901.360107,5130730000
2022/5/23,3919.419922,3981.879883,3909.040039,3973.75,3973.75,4420030000
2022/5/24,3942.939941,3955.679932,3875.129883,3941.47998,3941.47998,4923190000
2022/5/25,3929.590088,3999.330078,3925.030029,3978.72998,3978.72998,4802560000
2022/5/26,3984.600098,4075.139893,3984.600098,4057.840088,4057.840088,4709970000
2022/5/27,4077.429932,4158.490234,4077.429932,4158.240234,4158.240234,4375620000
2022/5/31,4151.089844,4168.339844,4104.879883,4132.149902,4132.149902,6822640000
2022/6/1,4149.779785,4166.540039,4073.850098,4101.22998,4101.22998,4531800000
2022/6/2,4095.409912,4177.509766,4074.370117,4176.819824,4176.819824,4405790000
2022/6/3,4137.569824,4142.669922,4098.669922,4108.540039,4108.540039,3711110000
2022/6/6,4134.720215,4168.779785,4109.180176,4121.430176,4121.430176,4332700000
2022/6/7,4096.470215,4164.859863,4080.189941,4160.680176,4160.680176,4248210000
2022/6/8,4147.120117,4160.140137,4107.200195,4115.77002,4115.77002,4159470000
2022/6/9,4101.649902,4119.100098,4017.169922,4017.820068,4017.820068,4134170000
2022/6/10,3974.389893,3974.389893,3900.159912,3900.860107,3900.860107,4889640000
2022/6/13,3838.149902,3838.149902,3734.300049,3749.629883,3749.629883,5636890000
2022/6/14,3763.52002,3778.179932,3705.679932,3735.47998,3735.47998,5153890000
2022/6/15,3764.050049,3837.560059,3722.300049,3789.98999,3789.98999,5530480000
2022/6/16,3728.179932,3728.179932,3639.77002,3666.77002,3666.77002,5644930000
2022/6/17,3665.899902,3707.709961,3636.870117,3674.840088,3674.840088,8520740000
2022/6/21,3715.310059,3779.649902,3715.310059,3764.790039,3764.790039,5292260000
2022/6/22,3733.889893,3801.790039,3717.689941,3759.889893,3759.889893,5058990000
2022/6/23,3774.709961,3802.580078,3743.52002,3795.72998,3795.72998,5098640000
2022/6/24,3821.75,3913.649902,3821.75,3911.73999,3911.73999,8120260000
2022/6/27,3920.76001,3927.719971,3889.659912,3900.110107,3900.110107,4325310000
2022/6/28,3913,3945.860107,3820.139893,3821.550049,3821.550049,4270120000
2022/6/29,3825.090088,3836.5,3799.02002,3818.830078,3818.830078,4211240000
2022/6/30,3785.98999,3818.98999,3738.669922,3785.379883,3785.379883,4840070000
2022/7/1,3781,3829.820068,3752.100098,3825.330078,3825.330078,4046950000
2022/7/5,3792.610107,3832.189941,3742.060059,3831.389893,3831.389893,5076590000
2022/7/6,3831.97998,3870.909912,3809.370117,3845.080078,3845.080078,4417720000
2022/7/7,3858.850098,3910.629883,3858.850098,3902.620117,3902.620117,4057770000
2022/7/8,3888.26001,3918.5,3869.340088,3899.379883,3899.379883,3521620000
2022/7/11,3880.939941,3880.939941,3847.219971,3854.429932,3854.429932,3423480000
2022/7/12,3851.949951,3873.409912,3802.360107,3818.800049,3818.800049,3817210000
2022/7/13,3779.669922,3829.439941,3759.070068,3801.780029,3801.780029,4109390000
2022/7/14,3763.98999,3796.409912,3721.560059,3790.379883,3790.379883,4199690000
2022/7/15,3818,3863.620117,3817.179932,3863.159912,3863.159912,4143800000
2022/7/18,3883.790039,3902.439941,3818.629883,3830.850098,3830.850098,4046870000
2022/7/19,3860.72998,3939.810059,3860.72998,3936.689941,3936.689941,4041070000
2022/7/20,3935.320068,3974.129883,3922.030029,3959.899902,3959.899902,4185300000
2022/7/21,3955.469971,3999.290039,3927.639893,3998.949951,3998.949951,4132790000
2022/7/22,3998.429932,4012.439941,3938.860107,3961.629883,3961.629883,3979240000
2022/7/25,3965.719971,3975.300049,3943.459961,3966.840088,3966.840088,3568340000
2022/7/26,3953.219971,3953.219971,3910.73999,3921.050049,3921.050049,3778950000
2022/7/27,3951.429932,4039.560059,3951.429932,4023.610107,4023.610107,4112180000
2022/7/28,4026.129883,4078.949951,3992.969971,4072.429932,4072.429932,4413000000
2022/7/29,4087.330078,4140.149902,4079.219971,4130.290039,4130.290039,4616360000
2022/8/1,4112.379883,4144.950195,4096.02002,4118.629883,4118.629883,4202810000
2022/8/2,4104.209961,4140.470215,4079.810059,4091.189941,4091.189941,4727710000
2022/8/3,4107.959961,4167.660156,4107.959961,4155.169922,4155.169922,4351760000
2022/8/4,4154.850098,4161.290039,4135.419922,4151.939941,4151.939941,4283320000
2022/8/5,4115.870117,4151.580078,4107.310059,4145.189941,4145.189941,4085940000
2022/8/8,4155.930176,4186.620117,4128.970215,4140.060059,4140.060059,4221090000
2022/8/9,4133.109863,4137.299805,4112.089844,4122.470215,4122.470215,3913090000
2022/8/10,4181.02002,4211.029785,4177.259766,4210.240234,4210.240234,4546010000
2022/8/11,4227.399902,4257.910156,4201.410156,4207.27002,4207.27002,4630200000
2022/8/12,4225.02002,4280.470215,4219.779785,4280.149902,4280.149902,3788010000
2022/8/15,4269.370117,4301.790039,4256.899902,4297.140137,4297.140137,3696830000
2022/8/16,4290.459961,4325.279785,4277.77002,4305.200195,4305.200195,4329820000
2022/8/17,4280.399902,4302.180176,4253.080078,4274.040039,4274.040039,3885030000
2022/8/18,4273.129883,4292.529785,4261.97998,4283.740234,4283.740234,3340330000
2022/8/19,4266.310059,4266.310059,4218.700195,4228.47998,4228.47998,3761340000
2022/8/22,4195.080078,4195.080078,4129.859863,4137.990234,4137.990234,3907430000
2022/8/23,4133.089844,4159.77002,4124.029785,4128.72998,4128.72998,3823520000
2022/8/24,4126.549805,4156.560059,4119.970215,4140.77002,4140.77002,3583630000
2022/8/25,4153.259766,4200.540039,4147.589844,4199.120117,4199.120117,3566870000
2022/8/26,4198.740234,4203.040039,4057.659912,4057.659912,4057.659912,3832750000
2022/8/29,4034.580078,4062.98999,4017.419922,4030.610107,4030.610107,3396510000
2022/8/30,4041.25,4044.97998,3965.209961,3986.159912,3986.159912,3835860000
2022/8/31,4000.669922,4015.370117,3954.530029,3955,3955,4542490000
2022/9/1,3936.72998,3970.22998,3903.649902,3966.850098,3966.850098,4152250000
2022/9/2,3994.659912,4018.429932,3906.209961,3924.26001,3924.26001,3665850000
2022/9/6,3930.889893,3942.550049,3886.75,3908.189941,3908.189941,4127340000
2022/9/7,3909.429932,3987.889893,3906.030029,3979.870117,3979.870117,3890320000
2022/9/8,3959.939941,4010.5,3944.810059,4006.179932,4006.179932,3966850000
2022/9/9,4022.939941,4076.810059,4022.939941,4067.360107,4067.360107,3901940000
2022/9/12,4083.669922,4119.279785,4083.669922,4110.410156,4110.410156,3814200000
2022/9/13,4037.120117,4037.120117,3921.280029,3932.689941,3932.689941,4224550000
2022/9/14,3940.72998,3961.939941,3912.179932,3946.01001,3946.01001,4293240000
2022/9/15,3932.409912,3959.139893,3888.280029,3901.350098,3901.350098,4441830000
2022/9/16,3880.949951,3880.949951,3837.080078,3873.330078,3873.330078,7954650000
2022/9/19,3849.909912,3900.449951,3838.5,3899.889893,3899.889893,3766850000
2022/9/20,3875.22998,3876.01001,3827.540039,3855.929932,3855.929932,4058050000
2022/9/21,3871.399902,3907.070068,3789.48999,3789.929932,3789.929932,4078330000
2022/9/22,3782.360107,3790.899902,3749.449951,3757.98999,3757.98999,4284600000
2022/9/23,3727.139893,3727.139893,3647.469971,3693.22998,3693.22998,5144270000
2022/9/26,3682.719971,3715.669922,3644.76001,3655.040039,3655.040039,4886140000
2022/9/27,3686.439941,3717.530029,3623.290039,3647.290039,3647.290039,4577740000
2022/9/28,3651.939941,3736.73999,3640.610107,3719.040039,3719.040039,4684850000
2022/9/29,3687.01001,3687.01001,3610.399902,3640.469971,3640.469971,4681810000
2022/9/30,3633.47998,3671.439941,3584.129883,3585.620117,3585.620117,5645360000
2022/10/3,3609.780029,3698.350098,3604.929932,3678.429932,3678.429932,4806680000
2022/10/4,3726.459961,3791.919922,3726.459961,3790.929932,3790.929932,5146580000
2022/10/5,3753.25,3806.909912,3722.659912,3783.280029,3783.280029,4293180000
2022/10/6,3771.969971,3797.929932,3739.219971,3744.52002,3744.52002,4252100000
2022/10/7,3706.73999,3706.73999,3620.72998,3639.659912,3639.659912,4449660000
2022/10/10,3647.51001,3652.169922,3588.100098,3612.389893,3612.389893,3834320000
2022/10/11,3595.860107,3640.659912,3568.449951,3588.840088,3588.840088,4759030000
2022/10/12,3590.830078,3608.340088,3573.860107,3577.030029,3577.030029,4006830000
2022/10/13,3520.370117,3685.409912,3491.580078,3669.909912,3669.909912,5021680000
2022/10/14,3690.409912,3712,3579.679932,3583.070068,3583.070068,4243030000
2022/10/17,3638.649902,3689.72998,3638.649902,3677.949951,3677.949951,4352780000
2022/10/18,3746.26001,3762.790039,3686.530029,3719.97998,3719.97998,4483740000
2022/10/19,3703.110107,3728.580078,3666.51001,3695.159912,3695.159912,4223800000
2022/10/20,3689.050049,3736,3656.439941,3665.780029,3665.780029,4496620000
2022/10/21,3657.100098,3757.889893,3647.419922,3752.75,3752.75,5078020000
2022/10/24,3762.01001,3810.73999,3741.649902,3797.340088,3797.340088,4747930000
2022/10/25,3799.439941,3862.850098,3799.439941,3859.110107,3859.110107,4843120000
2022/10/26,3825.969971,3886.149902,3824.070068,3830.600098,3830.600098,4817310000
2022/10/27,3834.689941,3859.949951,3803.790039,3807.300049,3807.300049,4687320000
2022/10/28,3808.26001,3905.419922,3808.26001,3901.060059,3901.060059,4459410000
2022/10/31,3881.850098,3893.72998,3863.179932,3871.97998,3871.97998,4820620000
2022/11/1,3901.790039,3911.790039,3843.800049,3856.100098,3856.100098,4481210000
2022/11/2,3852.899902,3894.439941,3758.679932,3759.689941,3759.689941,4899000000
2022/11/3,3733.25,3750.590088,3698.149902,3719.889893,3719.889893,4625290000
2022/11/4,3766.97998,3796.340088,3708.840088,3770.550049,3770.550049,5400180000
2022/11/7,3780.709961,3813.949951,3764.699951,3806.800049,3806.800049,4341620000
2022/11/8,3817.02002,3859.399902,3786.280029,3828.110107,3828.110107,4607640000
2022/11/9,3810.939941,3818.199951,3744.219971,3748.570068,3748.570068,4645010000
2022/11/10,3859.889893,3958.330078,3859.889893,3956.370117,3956.370117,5781260000
2022/11/11,3963.719971,4001.47998,3944.820068,3992.929932,3992.929932,5593310000
2022/11/14,3977.969971,4008.969971,3956.399902,3957.25,3957.25,4561930000
2022/11/15,4006.409912,4028.840088,3953.169922,3991.72998,3991.72998,5015310000
2022/11/16,3976.820068,3983.090088,3954.340088,3958.790039,3958.790039,4165320000
2022/11/17,3919.26001,3954.330078,3906.540039,3946.560059,3946.560059,4051780000
2022/11/18,3966.389893,3979.889893,3935.97998,3965.340088,3965.340088,4037360000
2022/11/21,3956.22998,3962,3933.340088,3949.939941,3949.939941,3850690000
2022/11/22,3965.51001,4005.879883,3956.879883,4003.580078,4003.580078,3887990000
2022/11/23,4000.300049,4033.780029,3998.659912,4027.26001,4027.26001,3279720000
2022/11/25,4023.340088,4034.02002,4020.76001,4026.120117,4026.120117,1706460000
2022/11/28,4005.360107,4012.27002,3955.77002,3963.939941,3963.939941,3615430000
2022/11/29,3964.189941,3976.77002,3937.649902,3957.629883,3957.629883,3546040000
2022/11/30,3957.179932,4080.110107,3938.580078,4080.110107,4080.110107,6579360000
2022/12/1,4087.139893,4100.509766,4050.870117,4076.570068,4076.570068,4527130000
2022/12/2,4040.169922,4080.47998,4026.629883,4071.699951,4071.699951,4012620000
2022/12/5,4052.02002,4052.449951,3984.48999,3998.840088,3998.840088,4280820000
2022/12/6,3996.629883,4001.51001,3918.389893,3941.26001,3941.26001,4368380000
2022/12/7,3933.280029,3957.570068,3922.679932,3933.919922,3933.919922,4118050000
2022/12/8,3947.790039,3974.189941,3935.830078,3963.51001,3963.51001,4006900000
2022/12/9,3954.169922,3977.02002,3933.040039,3934.379883,3934.379883,3888260000
2022/12/12,3939.290039,3990.709961,3935.300049,3990.560059,3990.560059,3904130000
2022/12/13,4069.379883,4100.959961,3993.030029,4019.649902,4019.649902,5079360000
2022/12/14,4015.540039,4053.76001,3965.649902,3995.320068,3995.320068,4472340000
2022/12/15,3958.370117,3958.370117,3879.449951,3895.75,3895.75,4493900000
2022/12/16,3890.909912,3890.909912,3827.909912,3852.360107,3852.360107,7493660000
2022/12/19,3853.790039,3854.860107,3800.040039,3817.659912,3817.659912,3969610000
2022/12/20,3810.469971,3838.23999,3795.620117,3821.620117,3821.620117,3985370000
2022/12/21,3839.48999,3889.820068,3839.48999,3878.439941,3878.439941,3775200000
2022/12/22,3853.26001,3853.26001,3764.48999,3822.389893,3822.389893,3956950000
2022/12/23,3815.110107,3845.800049,3797.01001,3844.820068,3844.820068,2819280000
2022/12/27,3843.340088,3846.649902,3813.219971,3829.25,3829.25,3030300000
2022/12/28,3829.560059,3848.320068,3780.780029,3783.219971,3783.219971,3083520000
2022/12/29,3805.449951,3858.189941,3805.449951,3849.280029,3849.280029,3003680000
2022/12/30,3829.060059,3839.850098,3800.340088,3839.5,3839.5,2979870000
