date,place,open,close,high,low,change,pct_chg,vol,amount
20210831,GDEA,38.74,39.89,39.98,38.22,1.15,2.97,52780,2105186.21
20210830,GDEA,39.7,38.74,40,37.7,-0.96,-2.42,51372,1938146.7
20210827,GDEA,38.05,39.7,39.7,38.99,1.65,4.34,50330,1997869.2
20210826,GDEA,39.28,38.05,41.48,37.5,-1.23,-3.13,59124,2222257.12
20210825,GDEA,38.11,39.28,39.48,37.89,1.17,3.07,58836,2311096.13
20210824,GDEA,38.24,38.11,39.88,37.5,-0.13,-0.34,57997,2179776.2
20210823,GDEA,38.28,38.24,40.4,38,-0.04,-0.1,7917,302750.99
20210820,GDEA,38.74,38.28,39.9,38.01,-0.46,-1.19,5600,214375.94
20210819,GDEA,37.48,38.74,39,38.7,1.26,3.36,1089,42182.69
20210818,GDEA,38.17,37.48,40.5,37.11,-0.69,-1.81,24724,926558.39
20210817,GDEA,38.52,38.17,39.99,38,-0.35,-0.91,14557,555572.58
20210816,GDEA,38.48,38.52,40.99,38.05,0.04,0.1,2485,95725.18
20210813,GDEA,39.62,38.48,41.75,38.1,-1.14,-2.88,72664,2795786.93
20210812,GDEA,40.05,39.62,40.9,38.66,-0.43,-1.07,1234,48890.55
20210811,GDEA,39.22,40.05,41.1,39,0.83,2.12,102634,4138482.49
20210810,GDEA,40.57,39.22,42,39,-1.35,-3.33,55602,2180745.72
20210809,GDEA,40.42,40.57,41.29,39.01,0.15,0.37,12345,498541.06
20210806,GDEA,40.55,40.42,41.25,37.5,-0.13,-0.32,99384,3870974.79
20210805,GDEA,40.09,40.55,41.8,40.01,0.46,1.15,4807,194919.12
20210804,GDEA,40.2,40.09,41.4,40.03,-0.11,-0.27,5222,209358.16
20210803,GDEA,40.25,40.2,41.98,38.66,-0.05,-0.12,102368,3395199.28
20210802,GDEA,40.18,40.25,42.88,40.1,0.07,0.17,156504,5564315.38
20210730,GDEA,40.41,40.18,44,40.1,-0.23,-0.57,489723,17523876.02
20210729,GDEA,40.25,40.41,43.75,39,0.16,0.4,24737,988530.74
20210728,GDEA,40.12,40.25,44,40.04,0.13,0.32,30966,1246504.18
20210727,GDEA,42.2,40.12,44.79,40.01,-2.08,-4.93,1038,41647.46
20210726,GDEA,43.48,42.2,44.89,41.11,-1.28,-2.94,29558,1247255.86
20210723,GDEA,44.36,43.48,45.1,43.01,-0.88,-1.98,15094,656301.13
20210722,GDEA,45.51,44.36,50,43.4,-1.15,-2.53,23197,1029048.41
20210721,GDEA,45.01,45.51,46,43.69,0.5,1.11,1666,75817.47
20210720,GDEA,44.25,45.01,45.98,43.61,0.76,1.72,87675,3946145.09
20210719,GDEA,44.35,44.25,44.88,42,-0.1,-0.23,486894,20787125.18
20210718,GDEA,43.53,44.35,44.88,39.6,0.82,1.88,139411,6088055.18
20210717,GDEA,44.06,43.53,45,39.65,-0.53,-1.2,340869,14837821.45
20210716,GDEA,43.97,44.06,44.92,43.81,0.09,0.2,808099,33434580.24
20210715,GDEA,43.48,43.97,44.2,43.3,0.49,1.13,255331,11226536.45
20210714,GDEA,43.29,43.48,45,43.01,0.19,0.44,496329,21415262.16
20210713,GDEA,43.34,43.29,44,43.2,-0.05,-0.12,730337,31022429.57
20210712,GDEA,44.37,43.34,44,43,-1.03,-2.32,959665,42578577.7
20210711,GDEA,43.71,44.37,44.38,44.37,0.66,1.51,101,4481.38
20210710,GDEA,43.81,43.71,47,43,-0.1,-0.23,1681,73484
20210709,GDEA,43.63,43.81,46,43.5,0.18,0.41,329919,13953805.71
20210708,GDEA,44.3,43.63,44.79,43.5,-0.67,-1.51,108760,4745078.64
20210707,GDEA,43.77,44.3,44.5,43,0.53,1.21,86683,3840209.71
20210706,GDEA,43.13,43.77,44.45,40.39,0.64,1.48,395580,16307447.28
20210705,GDEA,42.74,43.13,44.2,40,0.39,0.91,152223,6611863.09
20210702,GDEA,43.22,42.74,46.55,42.11,-0.48,-1.11,155572,6312219.53
20210701,GDEA,41.32,43.22,44,42.6,1.9,4.6,303552,12756159.03
20210630,GDEA,42.83,41.32,42.98,40.01,-1.51,-3.53,650491,26972440.96
20210629,GDEA,42.26,42.83,42.99,39.5,0.57,1.35,426762,17111025.72
20210628,GDEA,41.84,42.26,42.48,39.7,0.42,1,107962,4449419.75
20210625,GDEA,41.22,41.84,42.9,41,0.62,1.5,269558,11436367.07
20210624,GDEA,41.59,41.22,42.6,40.02,-0.37,-0.89,91571,3717024.66
20210623,GDEA,40.12,41.59,41.99,40.91,1.47,3.66,55951,2346995.63
20210622,GDEA,40.64,40.12,41.5,40,-0.52,-1.28,290088,11974184.39
20210621,GDEA,40.04,40.64,41.2,40,0.6,1.5,3427,139271.95
20210618,GDEA,41.57,40.04,41.57,39.99,-1.53,-3.68,62751,2761544.04
20210617,GDEA,40.09,41.57,41.94,40,1.48,3.69,201349,8535393.79
20210616,GDEA,40.07,40.09,41.44,39.95,0.02,0.05,298382,9820454.74
20210615,GDEA,39.98,40.07,41.4,39.9,0.09,0.23,54550,2186069.3
20210611,GDEA,40.43,39.98,41.94,39.92,-0.45,-1.11,243019,9818315.43
20210610,GDEA,39.95,40.43,40.9,40,0.48,1.2,185317,5314462.49
20210609,GDEA,39.55,39.95,41.44,39.68,0.4,1.01,51961,2075630.22
20210608,GDEA,39.57,39.55,40.78,39.51,-0.02,-0.05,173012,6989721.8
20210607,GDEA,39.53,39.57,40.75,39.55,0.04,0.1,149507,6100080.18
20210604,GDEA,40.07,39.53,41,39.31,-0.54,-1.35,599514,24354108.44
20210603,GDEA,39.6,40.07,41.6,39.38,0.47,1.19,126206,5072611.51
20210602,GDEA,39.47,39.6,41.6,38.82,0.13,0.33,243476,9529625.88
20210601,GDEA,39.44,39.47,39.9,39.3,0.03,0.08,59595,2352316.09
20210531,GDEA,41.08,39.44,39.8,39.3,-1.64,-3.99,55492,2188677.39
20210528,GDEA,39.44,41.08,42.55,39.01,1.64,4.16,311379,11804989.35
20210527,GDEA,39.49,39.44,43.3,39.4,-0.05,-0.13,785842,30327208.28
20210526,GDEA,40.01,39.49,41.5,39.25,-0.52,-1.3,439714,13059605.67
20210525,GDEA,40.26,40.01,40.3,39.91,-0.25,-0.62,3973,158960.47
20210524,GDEA,39.66,40.26,40.9,39.61,0.6,1.51,118463,3519312.06
20210521,GDEA,39.8,39.66,41.38,38.39,-0.14,-0.35,142447,4435069.7
20210520,GDEA,39.91,39.8,40.07,39.8,-0.11,-0.28,2526,100543
20210519,GDEA,40.44,39.91,40.1,39.8,-0.53,-1.31,475492,16458849.84
20210518,GDEA,40.15,40.44,41.39,39.8,0.29,0.72,2351982,85565381.08
20210517,GDEA,40.17,40.15,40.88,38.6,-0.02,-0.05,678341,25429232.09
20210514,GDEA,40.02,40.17,42.99,39.79,0.15,0.37,634996,22264486.47
20210513,GDEA,39.67,40.02,43,39.61,0.35,0.88,64061,2563474.41
20210512,GDEA,39.57,39.67,39.99,39.51,0.1,0.25,371201,14724258.13
20210511,GDEA,39.42,39.57,39.6,39.48,0.15,0.38,121783,4765723.88
20210510,GDEA,39.17,39.42,39.9,39.17,0.25,0.64,148800,5866045.24
20210507,GDEA,39.16,39.17,39.39,38.31,0.01,0.03,262703,10587767.53
20210506,GDEA,38.26,39.16,39.35,39.1,0.9,2.35,108142,3888848.72
20210430,GDEA,38.62,38.26,39.5,38,-0.36,-0.93,151804,5807388.97
20210429,GDEA,38.69,38.62,39.49,37.81,-0.07,-0.18,63117,2437415.48
20210428,GDEA,38.95,38.69,39.72,38.4,-0.26,-0.67,64712,2510649.96
20210427,GDEA,38.78,38.95,39.67,37.1,0.17,0.44,19411,756035.4
20210426,GDEA,38.7,38.78,39.98,38.5,0.08,0.21,129601,4297873.47
20210423,GDEA,37.57,38.7,40,37.1,1.13,3.01,25574,989738.48
20210422,GDEA,37.2,37.57,37.96,36,0.37,0.99,124842,4732822.47
20210421,GDEA,37.13,37.2,39.88,37,0.07,0.19,39218,1464267.53
20210420,GDEA,37.19,37.13,37.49,37,-0.06,-0.16,32745,1217513.25
20210419,GDEA,37.18,37.19,37.6,36.91,0.01,0.03,40408,1502639.07
20210416,GDEA,37,37.18,37.9,35.66,0.18,0.49,36109,1345204.73
20210415,GDEA,36.99,37,37.95,35.5,0.01,0.03,70780,2623329.18
20210414,GDEA,36.94,36.99,37.1,36.5,0.05,0.14,15023,555648.9
20210413,GDEA,36.69,36.94,37,36.5,0.25,0.68,25300,934556.98
20210412,GDEA,36.65,36.69,37.11,34.22,0.04,0.11,125148,4590942.42
20210409,GDEA,37.09,36.65,37.48,34,-0.44,-1.19,196028,6513499.16
20210408,GDEA,36.74,37.09,37.49,34.5,0.35,0.95,176739,5792335.52
20210407,GDEA,36.75,36.74,36.9,34.5,-0.01,-0.03,715244,19678974.39
20210406,GDEA,37.51,36.75,37.78,34,-0.76,-2.03,197533,6365152.33
20210402,GDEA,37.56,37.51,37.8,37.27,-0.05,-0.13,14024,526007.94
20210401,GDEA,36.28,37.56,37.9,33.6,1.28,3.53,4615,170158.15
20210331,GDEA,36.27,36.28,38.66,34,0.01,0.03,204015,6605155.63
20210330,GDEA,36.73,36.27,40,36,-0.46,-1.25,222700,7737041.13
20210329,GDEA,36.85,36.73,36.95,36.5,-0.12,-0.33,252489,7091408.87
20210326,GDEA,36.6,36.85,36.99,36.7,0.25,0.68,131310,3423068.17
20210325,GDEA,36.48,36.6,36.79,35.1,0.12,0.33,1500,54447.05
20210324,GDEA,36.41,36.48,36.8,33,0.07,0.19,137642,4145213.18
20210323,GDEA,36.06,36.41,36.5,33,0.35,0.97,55857,2032466.32
20210322,GDEA,35.53,36.06,36.15,32.55,0.53,1.49,4977,177908.27
20210319,GDEA,35.01,35.53,35.9,35.4,0.52,1.49,107829,3728167.71
20210318,GDEA,35.01,35.01,35.44,35,0,0,213610,5728785.2
20210317,GDEA,35.28,35.01,35.28,33.1,-0.27,-0.77,8230,286204.42
20210316,GDEA,35.06,35.28,35.79,35,0.22,0.63,650,22933
20210315,GDEA,35.24,35.06,35.78,32,-0.18,-0.51,24919,873345.9
20210312,GDEA,35.41,35.24,35.65,32.66,-0.17,-0.48,17513,615672.95
20210311,GDEA,35.47,35.41,35.98,35.22,-0.06,-0.17,11913,421848.6
20210310,GDEA,35.5,35.47,35.98,32,-0.03,-0.08,163210,4666506.19
20210309,GDEA,35.27,35.5,35.86,33.01,0.23,0.65,12321,436174.9
20210308,GDEA,33.9,35.27,35.5,30.88,1.37,4.04,9706,333525.14
20210305,GDEA,32.99,33.9,34.5,29.88,0.91,2.76,12668,427679.31
20210304,GDEA,32.46,32.99,33.32,31.01,0.53,1.63,3920,128530.08
20210303,GDEA,31.6,32.46,32.5,28.44,0.86,2.72,2753,87582.81
20210302,GDEA,32.12,31.6,32.08,29,-0.52,-1.62,303472,9108558.42
20210301,GDEA,31.99,32.12,32.12,29,0.13,0.41,1244,38572
20210226,GDEA,32.18,31.99,32.15,29.11,-0.19,-0.59,2420,76254.13
20210225,GDEA,31.82,32.18,32.19,28.88,0.36,1.13,860,26210.87
20210224,GDEA,32.09,31.82,32.19,31.01,-0.27,-0.84,3695,117572.17
20210223,GDEA,32.17,32.09,32.09,29,-0.08,-0.25,650,19498
20210222,GDEA,32.27,32.17,32.25,29.11,-0.1,-0.31,150970,5129858.9
20210219,GDEA,31.99,32.27,32.28,29,0.28,0.88,854,26108
20210218,GDEA,32.28,31.99,32,30.1,-0.29,-0.9,857,26576.4
20210210,GDEA,32.25,32.28,32.5,32.2,0.03,0.09,3004,96966.8
20210209,GDEA,30.93,32.25,32.25,28,1.32,4.27,849,25492.95
20210208,GDEA,30.85,30.93,32.48,28.1,0.08,0.26,210561,6925599.99
20210205,GDEA,30.64,30.85,32.18,28,0.21,0.69,212541,7385585.27
20210204,GDEA,31.01,30.64,32.46,28.1,-0.37,-1.19,9341,285402.57
20210203,GDEA,31.16,31.01,32.22,29.11,-0.15,-0.48,18503,573034.8
20210202,GDEA,31.05,31.16,33.88,28.1,0.11,0.35,28050,872771.85
20210201,GDEA,31.35,31.05,31.99,28.66,-0.3,-0.96,39320,1219754.38
20210129,GDEA,31.35,31.35,34.33,28.5,0,0,22908,717243.55
20210128,GDEA,31.02,31.35,31.98,31.29,0.33,1.06,4401,137951.3
20210127,GDEA,31.28,31.02,32,28.5,-0.26,-0.83,37696,1167492.8
20210126,GDEA,31.9,31.28,31.88,29,-0.62,-1.94,2500,77280.21
20210125,GDEA,31.82,31.9,32,28.88,0.08,0.25,1170,35983.87
20210122,GDEA,31.56,31.82,31.99,28.55,0.26,0.82,4480,140913.65
20210121,GDEA,31.65,31.56,31.77,29,-0.09,-0.28,1380,41759.51
20210120,GDEA,31.1,31.65,31.99,31.48,0.55,1.77,1049,33205.01
20210119,GDEA,30.48,31.1,31.49,29.11,0.62,2.03,1919,58879.81
20210118,GDEA,30.41,30.48,30.5,28.11,0.07,0.23,1618,48263.84
20210115,GDEA,30.46,30.41,30.45,28.1,-0.05,-0.16,1839,55006.1
20210114,GDEA,30.1,30.46,30.48,28,0.36,1.2,954,27968
20210113,GDEA,28.91,30.1,30.38,28.66,1.19,4.12,1001,29556
20210112,GDEA,30.49,28.91,30.5,27.55,-1.58,-5.18,155348,4490496.26
20210111,GDEA,29.47,30.49,31.99,27,1.02,3.46,83665,2549113.1
20210108,GDEA,29.04,29.47,29.5,28,0.43,1.48,281705,6931831.45
20210107,GDEA,29.69,29.04,29.66,28.45,-0.65,-2.19,309975,7676966
20210106,GDEA,28.41,29.69,31.2,26,1.28,4.51,1488,42128.6
20210105,GDEA,27.94,28.41,28.66,26,0.47,1.68,12809,362587.14
20210104,GDEA,28.41,27.94,28.86,26,-0.47,-1.65,22155,617880
20201231,GDEA,28.37,28.41,28.89,26,0.04,0.14,565105,15834782.89
20201230,GDEA,28.24,28.37,28.87,28.36,0.13,0.46,21968,623271.56
20201229,GDEA,28.88,28.24,28.87,26.5,-0.64,-2.22,13361,376389.07
20201228,GDEA,28.85,28.88,28.88,26.4,0.03,0.1,1050,28960
20201225,GDEA,28.39,28.85,28.88,26,0.46,1.62,309044,8448852
20201224,GDEA,28.16,28.39,28.78,26.66,0.23,0.82,442407,10676739.91
20201223,GDEA,28.34,28.16,28.77,26,-0.18,-0.64,49956,1405806.6
20201222,GDEA,28.26,28.34,28.96,26.3,0.08,0.28,11576,326900.1
20201221,GDEA,28.36,28.26,28.98,26.33,-0.1,-0.35,10945,308409.16
20201218,GDEA,28.45,28.36,28.99,26,-0.09,-0.32,55912,1584539.34
20201217,GDEA,28.44,28.45,28.98,26.2,0.01,0.04,134120,3589437.03
20201216,GDEA,28.29,28.44,28.98,27.02,0.15,0.53,126500,3503600
20201215,GDEA,28.38,28.29,28.8,26,-0.09,-0.32,126719,3374268.93
20201214,GDEA,28.44,28.38,28.99,26,-0.06,-0.21,173811,4712879.17
20201211,GDEA,28.38,28.44,28.98,26,0.06,0.21,556122,12647768.63
20201210,GDEA,28.37,28.38,28.78,28.02,0.01,0.04,17717,287416.12
20201209,GDEA,28.17,28.37,28.77,27.5,0.2,0.71,32708,927463
20201208,GDEA,28.09,28.17,28.55,26,0.08,0.28,24192,680292.96
20201207,GDEA,28.19,28.09,28.87,27.78,-0.1,-0.35,89672,2518468.48
20201204,GDEA,27.85,28.19,28.45,28.01,0.34,1.22,42310,1192785.8
20201203,GDEA,28,27.85,28.55,27.5,-0.15,-0.54,57295,1610642.52
20201202,GDEA,27.71,28,28,28,0.29,1.05,171000,4278000
20201201,GDEA,27.47,27.71,27.8,27.5,0.24,0.87,83066,2301915.15
20201130,GDEA,27.8,27.47,28.04,27.36,-0.33,-1.19,307527,8721889.1
20201129,GDEA,28.08,27.8,27.8,26,-0.28,-1,2144,59344
20201128,GDEA,28.17,28.08,30.99,27.8,-0.09,-0.32,229922,6821235.92
20201127,GDEA,28.11,28.17,28.49,27.85,0.06,0.21,662683,19698231.97
20201126,GDEA,28.15,28.11,28.5,27.32,-0.04,-0.14,1397844,38768971.83
20201125,GDEA,28.22,28.15,28.48,26.5,-0.07,-0.25,519168,13511054.95
20201124,GDEA,28.09,28.22,28.49,27.9,0.13,0.46,486954,12734115.52
20201123,GDEA,27.99,28.09,28.28,27.8,0.1,0.36,325622,9567469.04
20201122,GDEA,27.97,27.99,30.03,25.59,0.02,0.07,72000,2069523
20201121,GDEA,27.98,27.97,28.09,27.52,-0.01,-0.04,192088,5372020.92
20201120,GDEA,27.89,27.98,28.77,25.1,0.09,0.32,523966,14039839.92
20201119,GDEA,28.19,27.89,28.17,27.79,-0.3,-1.06,930225,24610870.58
20201118,GDEA,28.02,28.19,28.25,27.3,0.17,0.61,30981,872914.41
20201117,GDEA,27.92,28.02,28.03,27.51,0.1,0.36,70488,1974788
20201116,GDEA,28.06,27.92,28.02,26,-0.14,-0.5,317731,9347511.19
20201115,GDEA,27.8,28.06,28.06,26.88,0.26,0.94,1166,31932.08
20201114,GDEA,27.79,27.8,28.08,27.8,0.01,0.04,20687,575285.08
20201113,GDEA,27.79,27.79,27.92,26.7,0,0,129220,3591004.07
20201112,GDEA,27.83,27.79,27.91,27.5,-0.04,-0.14,134996,3758823.66
20201111,GDEA,27.39,27.83,27.9,26.88,0.44,1.61,92555,2562974.95
20201110,GDEA,27.49,27.39,27.9,26.8,-0.1,-0.36,31800,870913
20201109,GDEA,27.4,27.49,27.88,26.9,0.09,0.33,55812,1567009.2
20201106,GDEA,27.68,27.4,27.89,27.23,-0.28,-1.01,2475,67813.07
20201105,GDEA,27.21,27.68,27.89,27.55,0.47,1.73,6020,166625
20201104,GDEA,27.89,27.21,27.21,27.21,-0.68,-2.44,1000,27210
20201103,GDEA,27.81,27.89,27.89,27.89,0.08,0.29,999,27862.11
20201102,GDEA,27.47,27.81,28,27.21,0.34,1.24,196359,5459788.51
20201030,GDEA,27.49,27.47,27.5,27.21,-0.02,-0.07,1939,53258.12
20201029,GDEA,27.34,27.49,27.5,27.36,0.15,0.55,13278,364987.5
20201028,GDEA,27.21,27.34,27.9,27.21,0.13,0.48,12540,342822.4
20201027,GDEA,27.5,27.21,27.9,26,-0.29,-1.05,51304,1335480.13
20201026,GDEA,27.5,27.5,27.89,27.5,0,0,38083,1047434.89
20201023,GDEA,27.88,27.5,27.9,27.11,-0.38,-1.36,166163,4569548.4
20201022,GDEA,27.48,27.88,27.88,27.88,0.4,1.46,200388,5067817.44
20201021,GDEA,27.89,27.48,27.9,27.11,-0.41,-1.47,168494,4630328.76
20201020,GDEA,27.22,27.89,27.9,27.88,0.67,2.46,102647,3087728.74
20201019,GDEA,27.78,27.22,27.9,27.11,-0.56,-2.02,315654,7915710.94
20201016,GDEA,27.11,27.78,27.78,27.78,0.67,2.47,363998,8930671.64
20201015,GDEA,27.45,27.11,27.68,27.02,-0.34,-1.24,41321,1120320.48
20201014,GDEA,28.42,27.45,27.9,27.06,-0.97,-3.41,147142,4039261.29
20201013,GDEA,27.84,28.42,28.5,27.02,0.58,2.08,321342,8150664.9
20201012,GDEA,27.24,27.84,27.99,27.01,0.6,2.2,119170,3317553.09
20201009,GDEA,27.53,27.24,28.08,25,-0.29,-1.05,435702,11165113.24
20200930,GDEA,27.84,27.53,27.98,27.02,-0.31,-1.11,481,13241.66
20200929,GDEA,27.5,27.84,27.99,27.22,0.34,1.24,353641,10061993.62
20200928,GDEA,27.97,27.5,30.3,27.02,-0.47,-1.68,266122,6696546.74
20200925,GDEA,27.41,27.97,28.19,27.7,0.56,2.04,115573,3233111.87
20200924,GDEA,27.99,27.41,27.99,27.41,-0.58,-2.07,97618,2675719.82
20200923,GDEA,27.31,27.99,27.99,27.46,0.68,2.49,98532,2757787.12
20200922,GDEA,27.89,27.31,27.99,27.31,-0.58,-2.08,90298,2466178.82
20200921,GDEA,27.57,27.89,27.93,27.7,0.32,1.16,116888,3260171.51
20200918,GDEA,28,27.57,28,27.55,-0.43,-1.54,214004,5782330.39
20200917,GDEA,27.67,28,28.03,27.15,0.33,1.19,106273,2975892.1
20200916,GDEA,28.01,27.67,28.06,27.6,-0.34,-1.21,115047,3183868.96
20200915,GDEA,27.35,28.01,28.12,27.7,0.66,2.41,138365,3875170.26
20200914,GDEA,28.05,27.35,28.08,27.1,-0.7,-2.5,122134,3340397.22
20200911,GDEA,27.87,28.05,28.12,27.8,0.18,0.65,114991,3225804.6
20200910,GDEA,27.86,27.87,28,27.5,0.01,0.04,8863,246981.6
20200909,GDEA,27.54,27.86,27.99,27.52,0.32,1.16,38791,1080766.09
20200908,GDEA,27.81,27.54,28.18,25.06,-0.27,-0.97,67679,1863576.77
20200907,GDEA,27.7,27.81,28.2,27.22,0.11,0.4,33501,931802.2
20200904,GDEA,27.81,27.7,28,27.7,-0.11,-0.4,10001,277028
20200903,GDEA,27.8,27.81,28.14,27.8,0.01,0.04,10342,287623.88
20200902,GDEA,28.09,27.8,28.8,27.8,-0.29,-1.03,115001,3218027.8
20200901,GDEA,27.5,28.09,28.09,28.09,0.59,2.15,164000,3843260
20200831,GDEA,27.69,27.5,28,27,-0.19,-0.69,225400,5935000
20200828,GDEA,27.92,27.69,28.1,27.5,-0.23,-0.82,11001,304633.1
20200827,GDEA,27.95,27.92,28.2,25.6,-0.03,-0.11,11451,319688.2
20200826,GDEA,28.06,27.95,28.14,27.95,-0.11,-0.39,3212,89781.14
20200825,GDEA,28.26,28.06,28.1,28.03,-0.2,-0.71,25903,726870.12
20200824,GDEA,28.12,28.26,28.27,28.11,0.14,0.5,210501,6264783.25
20200821,GDEA,28.1,28.12,28.45,28.1,0.02,0.07,29736,836087.01
20200820,GDEA,28.26,28.1,28.2,28.1,-0.16,-0.57,11010,309382.1
20200819,GDEA,28.04,28.26,28.32,28.2,0.22,0.78,20000,565200
20200818,GDEA,28.3,28.04,28.33,28.04,-0.26,-0.92,10001,280428.33
20200817,GDEA,28.02,28.3,28.39,28.2,0.28,1,20000,565900
20200814,GDEA,28.29,28.02,28.2,28.02,-0.27,-0.95,10001,280228.2
20200813,GDEA,28,28.29,28.29,28.29,0.29,1.04,110,3111.9
20200812,GDEA,28.02,28,28.3,27.99,-0.02,-0.07,22212,621939.52
20200811,GDEA,28.14,28.02,28.44,28,-0.12,-0.43,9250,259159
20200810,GDEA,28.2,28.14,28.45,28.1,-0.06,-0.21,11570,325609.81
20200807,GDEA,28,28.2,28.45,28,0.2,0.71,22284,628455.84
20200806,GDEA,28,28,28.47,28,0,0,10301,288441.92
20200805,GDEA,27.9,28,28.2,28,0.1,0.36,26101,730829.2
20200804,GDEA,28.12,27.9,28.39,27.8,-0.22,-0.78,1412,39391.44
20200803,GDEA,28.35,28.12,28.48,27.51,-0.23,-0.81,499531,7252840.58
20200731,GDEA,28.02,28.35,28.5,28,0.33,1.18,67701,1919191.5
20200730,GDEA,28.36,28.02,28.44,28,-0.34,-1.2,40234,1127166.63
20200729,GDEA,28.42,28.36,28.39,28.35,-0.06,-0.21,200117,4603317.67
20200728,GDEA,27.81,28.42,28.43,28.4,0.61,2.19,168101,4963910.38
20200727,GDEA,28.23,27.81,28.39,27.02,-0.42,-1.49,190,5284.5
20200724,GDEA,28.42,28.23,28.5,27.66,-0.19,-0.67,226613,4951386.66
20200723,GDEA,28.76,28.42,28.5,28.2,-0.34,-1.18,61300,1810910
20200722,GDEA,27.98,28.76,28.76,28.76,0.78,2.79,180,5176.8
20200721,GDEA,28.48,27.98,28.17,26.33,-0.5,-1.76,2201,61594.17
20200720,GDEA,27.86,28.48,28.48,28.48,0.62,2.23,177,5040.96
20200717,GDEA,27.39,27.86,28,27.06,0.47,1.72,13190,367423.28
20200716,GDEA,27.05,27.39,27.48,27.39,0.34,1.26,202001,5654807.48
20200715,GDEA,27.47,27.05,27.58,25,-0.42,-1.53,52001,1365707.58
20200714,GDEA,27.2,27.47,27.5,27.43,0.27,0.99,1101,30242.9
20200713,GDEA,27.54,27.2,27.57,26.37,-0.34,-1.23,66442,1852249.36
20200710,GDEA,27.42,27.54,27.68,27.49,0.12,0.44,232201,6571884.68
20200709,GDEA,27.04,27.42,27.5,27,0.38,1.41,43900,1227560
20200708,GDEA,27.09,27.04,27.45,24.9,-0.05,-0.18,53010,1350963.96
20200707,GDEA,27.11,27.09,27.7,27.09,-0.02,-0.07,457351,12799100.6
20200706,GDEA,27.49,27.11,27.6,26.9,-0.38,-1.38,22061,598145.6
20200703,GDEA,27.35,27.49,27.6,27.21,0.14,0.51,27506,756214.55
20200702,GDEA,27.6,27.35,27.5,27.26,-0.25,-0.91,24071,658242.5
20200701,GDEA,27.55,27.6,27.98,27.26,0.05,0.18,119933,3708924.11
20200630,GDEA,27.32,27.55,28.05,26.38,0.23,0.84,162969,5015329.51
20200629,GDEA,27.33,27.32,27.99,27.28,-0.01,-0.04,181954,4923124.89
20200624,GDEA,27.33,27.33,27.75,27.75,0,0,100001,1706027.75
20200623,GDEA,27.49,27.33,27.6,27.3,-0.16,-0.58,182244,4631160.4
20200622,GDEA,27.47,27.49,28,27.48,0.02,0.07,274582,7475961.81
20200619,GDEA,27.47,27.47,28.09,27.35,0,0,161067,4803985.35
20200618,GDEA,27.39,27.47,28.09,27.28,0.08,0.29,160614,4041574.92
20200617,GDEA,27.54,27.39,27.99,27.21,-0.15,-0.54,514985,7779872.12
20200616,GDEA,27.72,27.54,28.1,25,-0.18,-0.65,277481,8078575.54
20200615,GDEA,27.75,27.72,28.85,27.59,-0.03,-0.11,354821,8184194.81
20200612,GDEA,27.62,27.75,28.18,27.7,0.13,0.47,155823,4661589.59
20200611,GDEA,27.75,27.62,27.8,25,-0.13,-0.47,428652,9025595.1
20200610,GDEA,27.77,27.75,27.99,27.6,-0.02,-0.07,64673,1794904.44
20200609,GDEA,27.68,27.77,28.1,27.6,0.09,0.33,13025,361713.41
20200608,GDEA,28.44,27.68,29.42,27.6,-0.76,-2.67,226137,5857571.34
20200605,GDEA,28.1,28.44,29.11,27.72,0.34,1.21,319073,2792497.94
20200604,GDEA,28.48,28.1,28.36,27.66,-0.38,-1.33,203629,5846499.64
20200603,GDEA,27.22,28.48,29.02,27.75,1.26,4.63,10193,291903.99
20200602,GDEA,28.18,27.22,28.13,27.2,-0.96,-3.41,150476,2972457.29
20200601,GDEA,28.66,28.18,28.49,27.8,-0.48,-1.67,308070,7545427.19
20200529,GDEA,27.85,28.66,29.87,27.88,0.81,2.91,335695,3272876.41
20200528,GDEA,28.38,27.85,28.35,27.81,-0.53,-1.87,218755,5294116.52
20200527,GDEA,27.99,28.38,29,27.85,0.39,1.39,521296,6774592.76
20200526,GDEA,28.67,27.99,29.5,27.41,-0.68,-2.37,31773,889943.74
20200525,GDEA,27.75,28.67,30.5,27.8,0.92,3.32,339677,7281681.58
20200522,GDEA,28.16,27.75,28.1,27.22,-0.41,-1.46,12603,349763.27
20200521,GDEA,27.75,28.16,28.19,27.7,0.41,1.48,8676,244296.36
20200520,GDEA,28.49,27.75,28.19,27.51,-0.74,-2.6,34606,960480.54
20200519,GDEA,28.28,28.49,29,27.86,0.21,0.74,14348,408794.88
20200518,GDEA,28.44,28.28,28.29,27.86,-0.16,-0.56,8504,240459.16
20200515,GDEA,28.17,28.44,28.9,27.21,0.27,0.96,312808,8883181.19
20200514,GDEA,27.98,28.17,28.9,27.7,0.19,0.68,11289,319428.33
20200513,GDEA,27.83,27.98,28,27.51,0.15,0.54,160004,4479873.5
20200512,GDEA,28.09,27.83,28.8,27.35,-0.26,-0.93,15551,432838.32
20200511,GDEA,28.09,28.09,28.28,27.35,0,0,10032,281836.77
20200508,GDEA,28.21,28.09,28.65,27.52,-0.12,-0.43,13159,369902.05
20200507,GDEA,28.32,28.21,28.43,27.5,-0.11,-0.39,12382,349244.64
20200506,GDEA,27.9,28.32,28.39,27.82,0.42,1.51,5694,161271.96
20200430,GDEA,28.14,27.9,28.48,27.6,-0.24,-0.85,26627,743852.44
20200429,GDEA,27.99,28.14,28.45,27.31,0.15,0.54,18001,506620.06
20200428,GDEA,28.36,27.99,28.3,27.5,-0.37,-1.3,459917,13476667.94
20200427,GDEA,28.22,28.36,28.99,27.5,0.14,0.5,16816,478811.36
20200424,GDEA,28.03,28.22,28.87,27.19,0.19,0.68,17041,480899.23
20200423,GDEA,28.38,28.03,28.95,26.55,-0.35,-1.23,20496,574777.34
20200422,GDEA,27.88,28.38,28.99,25.88,0.5,1.79,9859,279880.26
20200421,GDEA,27.61,27.88,28.99,27.51,0.27,0.98,211550,4922309.22
20200420,GDEA,28.24,27.61,28.49,27.4,-0.63,-2.23,321961,8316379.3
20200417,GDEA,28.66,28.24,30,28.01,-0.42,-1.47,260059,6037994.81
20200416,GDEA,28.48,28.66,28.99,28.05,0.18,0.63,255722,6589013.69
20200415,GDEA,28.38,28.48,29,28.01,0.1,0.35,506360,12757160.9
20200414,GDEA,28.86,28.38,29.88,28.32,-0.48,-1.66,694712,15073360.52
20200413,GDEA,29.01,28.86,29.8,28.31,-0.15,-0.52,1875,54113.04
20200410,GDEA,29.3,29.01,29.95,28.9,-0.29,-0.99,157944,3980483.62
20200409,GDEA,29.45,29.3,29.98,29.21,-0.15,-0.51,37584,1101208.39
20200408,GDEA,29.38,29.45,30.65,29.36,0.07,0.24,3003,91059.25
20200407,GDEA,29.33,29.38,30.65,28,0.05,0.17,45589,1339729.23
20200403,GDEA,29.41,29.33,30.3,29.21,-0.08,-0.27,325065,3885558
20200402,GDEA,29.35,29.41,30,28.66,0.06,0.2,35495,1043761.63
20200401,GDEA,29.58,29.35,30.25,29.2,-0.23,-0.78,338482,5667549
20200331,GDEA,29.52,29.58,31,29.3,0.06,0.2,218346,6548406.08
20200330,GDEA,29.69,29.52,30.6,29.4,-0.17,-0.57,113645,3603624.36
20200327,GDEA,29.49,29.69,30.3,29.01,0.2,0.68,187563,5605392.77
20200326,GDEA,29.86,29.49,31.48,28,-0.37,-1.24,4597,139262.56
20200325,GDEA,29.8,29.86,30.48,29.5,0.06,0.2,2502,74354.83
20200324,GDEA,30.04,29.8,31.6,28.56,-0.24,-0.8,4774,146055.47
20200323,GDEA,30.2,30.04,30.58,29.51,-0.16,-0.53,1243,37345.49
20200320,GDEA,30.18,30.2,30.5,28,0.02,0.07,5397,162017.2
20200319,GDEA,30.18,30.18,30.6,28,0,0,1894,56192
20200318,GDEA,29.84,30.18,31.49,28,0.34,1.14,1953,60133.7
20200317,GDEA,29.92,29.84,31.5,27.65,-0.08,-0.27,29407,880865.7
20200316,GDEA,29.98,29.92,30.69,29.75,-0.06,-0.2,1801,53887.1
20200313,GDEA,29.93,29.98,30.88,28.88,0.05,0.17,17137,513735.13
20200312,GDEA,30,29.93,30.95,28.6,-0.07,-0.23,76984,2303912.21
20200311,GDEA,30.34,30,30.8,29.11,-0.34,-1.12,16664,499965.49
20200310,GDEA,30.36,30.34,30.88,28,-0.02,-0.07,6551,197752.4
20200309,GDEA,30.73,30.36,31.2,30.01,-0.37,-1.2,31432,911722.29
20200306,GDEA,30.06,30.73,30.98,29.11,0.67,2.23,12801,393429.5
20200305,GDEA,30.84,30.06,30.8,29.51,-0.78,-2.53,25958,780703.03
20200304,GDEA,30.1,30.84,31.49,29,0.74,2.46,10294,317498.86
20200303,GDEA,30.02,30.1,30.8,29.01,0.08,0.27,9994,301421.7
20200302,GDEA,30.22,30.02,30.85,28.6,-0.2,-0.66,468842,12694782.35
20200228,GDEA,29.68,30.22,30.85,28.77,0.54,1.82,485221,13655020.53
20200227,GDEA,28.99,29.68,30,28.44,0.69,2.38,426880,11559705.96
20200226,GDEA,28.67,28.99,29.78,27.55,0.32,1.12,426192,12040746.39
20200225,GDEA,28.67,28.67,30,28,0,0,531563,14379666.57
20200224,GDEA,28.73,28.67,29.93,27,-0.06,-0.21,413011,11773656.16
20200221,GDEA,28.47,28.73,29.16,28.47,0.26,0.91,412234,11151508.74
20200220,GDEA,27.23,28.47,28.99,27.66,1.24,4.55,8342,237087.89
20200219,GDEA,28.38,27.23,29.5,27.02,-1.15,-4.05,44347,1208708.61
20200218,GDEA,28.56,28.38,29.28,27.8,-0.18,-0.63,2384,67667.93
20200217,GDEA,29.23,28.56,29.79,28.12,-0.67,-2.29,5401,154251
20200214,GDEA,28.51,29.23,29.92,27.2,0.72,2.53,18188,515428.99
20200213,GDEA,28.52,28.51,29.48,28.01,-0.01,-0.04,2718,77488.48
20200212,GDEA,28.17,28.52,29.5,27.2,0.35,1.24,17259,482183.2
20200211,GDEA,28.73,28.17,29.46,27,-0.56,-1.95,13860,389854.9
20200210,GDEA,27.15,28.73,29.87,28.21,1.58,5.82,3368,99042.96
20200123,GDEA,26.67,27.15,29.34,26.89,0.48,1.8,135430,3676266.7
20200122,GDEA,27.06,26.67,29.5,26.66,-0.39,-1.44,115824,3088809.7
20200121,GDEA,28.83,27.06,30.8,26.65,-1.77,-6.14,39369,1083402.03
20200120,GDEA,28.75,28.83,30.5,28.13,0.08,0.28,19227,560174.31
20200117,GDEA,28.64,28.75,29.3,28.71,0.11,0.38,1869,53734.12
20200116,GDEA,28.36,28.64,29.36,28.12,0.28,0.99,67200,1924904.65
20200115,GDEA,30.16,28.36,29.4,28,-1.8,-5.97,4844,136586.92
20200114,GDEA,29.11,30.16,30.66,28.1,1.05,3.61,2814,84881.32
20200113,GDEA,28.99,29.11,31.66,29,0.12,0.41,25366,735947.01
20200110,GDEA,28.93,28.99,29,28.25,0.06,0.21,11100,321825
20200109,GDEA,28.97,28.93,29.19,28.7,-0.04,-0.14,16460,476263
20200108,GDEA,29.23,28.97,29.47,27,-0.26,-0.89,1939,54866
20200107,GDEA,28.43,29.23,29.5,28.8,0.8,2.81,2700,78929
20200106,GDEA,28.4,28.43,29.5,27.15,0.03,0.11,6502,184859.8
20200103,GDEA,28.03,28.4,28.66,28.2,0.37,1.32,2485,70572.99
20200102,GDEA,27.88,28.03,30,28,0.15,0.54,6225,174505.31
20191231,GDEA,28.01,27.88,29.18,25.6,-0.13,-0.46,134298,3744197.61
20191230,GDEA,27.34,28.01,28.5,27.92,0.67,2.45,105160,2955305.97
20191227,GDEA,27.26,27.34,27.86,27.32,0.08,0.29,32974,899186.24
20191226,GDEA,27.52,27.26,28.5,27.2,-0.26,-0.94,104779,2856516.76
20191225,GDEA,27.19,27.52,28,27.27,0.33,1.21,251572,6086763
20191224,GDEA,27.07,27.19,27.5,26.4,0.12,0.44,309086,7980029.75
20191223,GDEA,26.58,27.07,27.28,26.55,0.49,1.84,192211,4596757
20191220,GDEA,26.35,26.58,27.18,26.5,0.23,0.87,373519,9250986.23
20191219,GDEA,26.41,26.35,27.2,26.12,-0.06,-0.23,370044,7235783.19
20191218,GDEA,26.35,26.41,27.18,26.38,0.06,0.23,136951,3639993.83
20191217,GDEA,26.13,26.35,27.29,26.1,0.22,0.84,208267,5345193.29
20191216,GDEA,26.43,26.13,27.3,25.6,-0.3,-1.14,213858,5573664.25
20191213,GDEA,25.58,26.43,27.2,25.6,0.85,3.32,178971,4711614.8
20191212,GDEA,25.75,25.58,27.4,25.52,-0.17,-0.66,95441,2500292.01
20191211,GDEA,27.15,25.75,27.49,25,-1.4,-5.16,37522,957034.81
20191210,GDEA,26.79,27.15,27.39,25.2,0.36,1.34,175284,4669390.22
20191209,GDEA,26.87,26.79,27.49,26.5,-0.08,-0.3,39604,1060821.15
20191206,GDEA,27.19,26.87,27.49,26.4,-0.32,-1.18,6791,182499.55
20191205,GDEA,26.76,27.19,27.39,26.7,0.43,1.61,32581,587680.39
20191204,GDEA,26.89,26.76,27.44,26.71,-0.13,-0.48,1587,42468.67
20191203,GDEA,26.9,26.89,27.44,26.8,-0.01,-0.04,589,15839.92
20191202,GDEA,26.95,26.9,27.5,26.55,-0.05,-0.19,11252,302626.92
20191129,GDEA,26.95,26.95,27.05,27.05,0,0,1200088,9002380.4
20191128,GDEA,27.15,26.95,27.66,25.22,-0.2,-0.74,5531,149087.26
20191127,GDEA,26.91,27.15,27.5,26.9,0.24,0.89,552631,7335925.89
20191126,GDEA,27.16,26.91,27.66,26.88,-0.25,-0.92,10954,294783.45
20191125,GDEA,27.47,27.16,27.88,26.1,-0.31,-1.13,43104,564298.58
20191122,GDEA,27.44,27.47,27.59,27.21,0.03,0.11,54455,636934.1
20191121,GDEA,27.4,27.44,27.6,27.11,0.04,0.15,333,9136.51
20191120,GDEA,27.43,27.4,27.65,27.04,-0.03,-0.11,674,18465.71
20191119,GDEA,27.15,27.43,27.98,26.81,0.28,1.03,19624,538222.5
20191118,GDEA,27.02,27.15,27.49,26.9,0.13,0.48,900,24438.44
20191115,GDEA,26.27,27.02,27.5,26.63,0.75,2.85,1834,49545.64
20191114,GDEA,26.9,26.27,27.45,25,-0.63,-2.34,5951,156349.07
20191113,GDEA,26.66,26.9,27,26.51,0.24,0.9,1432,38514.7
20191112,GDEA,26.75,26.66,26.99,26.33,-0.09,-0.34,666,17755.56
20191111,GDEA,26.87,26.75,27,26.56,-0.12,-0.45,12484,333913.86
20191108,GDEA,26.7,26.87,27.1,26.22,0.17,0.64,5884,158073.84
20191107,GDEA,26.12,26.7,26.99,26.28,0.58,2.22,4612,123155.26
20191106,GDEA,26.58,26.12,26.78,26.1,-0.46,-1.73,10600,276881.52
20191105,GDEA,26.36,26.58,26.77,26.2,0.22,0.83,5019,133409.73
20191104,GDEA,26.01,26.36,26.88,26.04,0.35,1.35,28471,750631.05
20191101,GDEA,26.11,26.01,26.38,25.9,-0.1,-0.38,5170,134494.68
20191031,GDEA,26.02,26.11,26.5,26.02,0.09,0.35,4555,118914.99
20191030,GDEA,26.1,26.02,26.38,23.5,-0.08,-0.31,15686,408076.8
20191029,GDEA,26.71,26.1,26.5,25.52,-0.61,-2.28,5213,136066.07
20191028,GDEA,26.46,26.71,28.33,25.9,0.25,0.94,1530,40870.53
20191025,GDEA,26.19,26.46,27.88,25.6,0.27,1.03,2967,78492.8
20191024,GDEA,26.47,26.19,27.86,25.88,-0.28,-1.06,4930,129106.64
20191023,GDEA,26.15,26.47,26.49,26.2,0.32,1.22,108657,2198613.25
20191022,GDEA,26.23,26.15,27,25.3,-0.08,-0.3,7835,204897.07
20191021,GDEA,26.23,26.23,28.8,25.1,0,0,87849,2341861.44
20191018,GDEA,26.07,26.23,26.49,25.95,0.16,0.61,372,9758.83
20191017,GDEA,25.43,26.07,26.4,25.25,0.64,2.52,204007,4124456.13
20191016,GDEA,25.54,25.43,27.5,25.1,-0.11,-0.43,30305,767378.4
20191015,GDEA,25.71,25.54,26.45,25.18,-0.17,-0.66,1200,30651.08
20191014,GDEA,25.62,25.71,26.25,25.1,0.09,0.35,371,9537.61
20191011,GDEA,25,25.62,26.38,25.5,0.62,2.48,201335,4714199.73
20191010,GDEA,26.58,25,26.3,24.51,-1.58,-5.94,4744,118622.6
20191009,GDEA,26.07,26.58,26.58,26.58,0.51,1.96,210,5581.8
20191008,GDEA,24.5,26.07,26.88,25.22,1.57,6.41,620,16165.08
20190930,GDEA,25.99,24.5,26.5,23.39,-1.49,-5.73,3885,95166.76
20190927,GDEA,25.92,25.99,28.5,25.1,0.07,0.27,1535,39895
20190926,GDEA,25.95,25.92,26.5,25.4,-0.03,-0.12,151847,3527870.16
20190925,GDEA,25.25,25.95,26.99,25.1,0.7,2.77,281201,6751163.6
20190924,GDEA,25.48,25.25,26.5,25.01,-0.23,-0.9,14289,360786.62
20190923,GDEA,24.64,25.48,26.5,24.01,0.84,3.41,10279,261903.26
20190920,GDEA,25.11,24.64,26.7,22.72,-0.47,-1.87,6013,148187.43
20190919,GDEA,25.26,25.11,26.8,22.73,-0.15,-0.59,9868,247821.2
20190918,GDEA,24.25,25.26,26.66,24.61,1.01,4.16,3337,84289.79
20190917,GDEA,25.4,24.25,26.88,22.86,-1.15,-4.53,13882,336616.93
20190916,GDEA,25.99,25.4,26.86,25.01,-0.59,-2.27,9931,252285.45
20190912,GDEA,26.03,25.99,26.88,25.56,-0.04,-0.15,8682,225622.15
20190911,GDEA,26.03,26.03,26.88,25.06,0,0,6491,168988.26
20190910,GDEA,25.11,26.03,26.9,25.3,0.92,3.66,5397,140502.91
20190909,GDEA,25.96,25.11,26.95,24.01,-0.85,-3.27,3784,95005.42
20190906,GDEA,25.74,25.96,27.88,25.01,0.22,0.85,4504,116913.79
20190905,GDEA,25.62,25.74,28.18,25.31,0.12,0.47,4730,121735.87
20190904,GDEA,25.71,25.62,26.95,25.03,-0.09,-0.35,2223,56946.91
20190903,GDEA,26.09,25.71,26.99,25.22,-0.38,-1.46,2199,56526.77
20190902,GDEA,25.32,26.09,26.99,25.52,0.77,3.04,1797,46883.41
20190830,GDEA,24.9,25.32,27.39,24.01,0.42,1.69,4455,112786.89
20190829,GDEA,24.22,24.9,26.64,24.01,0.68,2.81,1414,35208.86
20190828,GDEA,24.57,24.22,26.99,23.1,-0.35,-1.42,704,17052.21
20190827,GDEA,23.03,24.57,25.33,24.01,1.54,6.69,1022,25107.85
20190826,GDEA,23.72,23.03,26,22.71,-0.69,-2.91,137005,3116795.96
20190823,GDEA,23.1,23.72,25.41,23.69,0.62,2.68,116105,2753910.46
20190822,GDEA,24.22,23.1,24.88,23.1,-1.12,-4.62,3001,69324.88
20190821,GDEA,23.98,24.22,26.3,23,0.24,1,8545,206991.57
20190820,GDEA,23.06,23.98,24.94,23.89,0.92,3.99,1411,33836.46
20190819,GDEA,23.14,23.06,23.99,22.92,-0.08,-0.35,2303,53108.94
20190816,GDEA,23.76,23.14,26.1,22.9,-0.62,-2.61,6506,150530.34
20190815,GDEA,23.33,23.76,25.66,23.5,0.43,1.84,2567,60982.07
20190814,GDEA,23.12,23.33,25.4,22.7,0.21,0.91,11605,270709.47
20190813,GDEA,23.07,23.12,23.49,22.71,0.05,0.22,10822,250043.02
20190812,GDEA,23.05,23.07,23.49,22.65,0.02,0.09,1723,39745.16
20190809,GDEA,23.09,23.05,23.39,22.7,-0.04,-0.17,912,21023.45
20190808,GDEA,23.01,23.09,23.45,22.7,0.08,0.35,651,15032.3
20190807,GDEA,23.06,23.01,23.27,22.53,-0.05,-0.22,912,20983.92
20190806,GDEA,23.06,23.06,23.39,22.9,0,0,1535,35395.76
20190805,GDEA,23.05,23.06,23.42,22.7,0.01,0.04,400,9224
20190802,GDEA,23.01,23.05,23.49,22.61,0.04,0.17,400,9220
20190801,GDEA,23.01,23.01,23.5,22.7,0,0,10703,246271.32
20190731,GDEA,23.1,23.01,23.49,23,-0.09,-0.39,11638,267775.3
20190730,GDEA,22.98,23.1,23.44,22.8,0.12,0.52,510,11779
20190729,GDEA,23.1,22.98,23.33,22.8,-0.12,-0.52,23201,533195.33
20190726,GDEA,23.11,23.1,23.3,23.1,-0.01,-0.04,101,2333.3
20190725,GDEA,23,23.11,23.24,23.11,0.11,0.48,20024,462755.12
20190724,GDEA,22.97,23,23.48,22.7,0.03,0.13,20489,471281.45
20190723,GDEA,23.03,22.97,23.78,22.7,-0.06,-0.26,40972,941238.31
20190722,GDEA,23.56,23.03,24.85,22.8,-0.53,-2.25,22941,528399.86
20190719,GDEA,23,23.56,23.57,23.5,0.56,2.43,124,2921.28
20190718,GDEA,22.96,23,23.92,22.6,0.04,0.17,10963,252098.49
20190717,GDEA,22.71,22.96,23.98,20.66,0.25,1.1,7341,168554.82
20190716,GDEA,22.71,22.71,23.85,20.5,0,0,21512,487240.98
20190715,GDEA,22.71,22.71,23.55,23.55,0,0,100,2355
20190712,GDEA,22.83,22.71,25.1,20.66,-0.12,-0.53,29401,661583.68
20190711,GDEA,22.38,22.83,23,22.7,0.45,2.01,1800,41100
20190710,GDEA,22.62,22.38,23.5,22.2,-0.24,-1.06,46507,1040928.39
20190709,GDEA,23.65,22.62,23.39,22.53,-1.03,-4.36,52501,1187348.39
20190708,GDEA,23.43,23.65,24,22.51,0.22,0.94,50731,1142070.3
20190705,GDEA,23.43,23.43,23.88,23.4,0,0,332100,2886700
20190704,GDEA,22.71,23.43,23.44,22.81,0.72,3.17,70500,1651670
20190703,GDEA,23.2,22.71,22.71,22.71,-0.49,-2.11,100200,2443542
20190702,GDEA,23.19,23.2,23.5,23.2,0.01,0.04,175101,3983593.5
20190701,GDEA,23.64,23.19,23.3,23.19,-0.45,-1.9,220690,5357808.1
20190628,GDEA,22.48,23.64,23.75,23.5,1.16,5.16,102160,2051067.5
20190627,GDEA,22.57,22.48,23.7,22.31,-0.09,-0.4,55107,1238965.18
20190626,GDEA,22.81,22.57,23.49,22.36,-0.24,-1.05,22419,505939.05
20190625,GDEA,22.01,22.81,23.49,22.81,0.8,3.63,42668,975148.56
20190624,GDEA,22.58,22.01,23.65,22.01,-0.57,-2.52,40101,882758.65
20190621,GDEA,23.27,22.58,25.6,22.01,-0.69,-2.97,271377,6245279.75
20190620,GDEA,23.47,23.27,23.68,23.01,-0.2,-0.85,289260,6077059.79
20190619,GDEA,23.36,23.47,23.67,23.2,0.11,0.47,397541,8945003.37
20190618,GDEA,23.2,23.36,23.5,23.02,0.16,0.69,400901,9078977.63
20190617,GDEA,23.07,23.2,23.3,22.31,0.13,0.56,420265,10012129.25
20190616,GDEA,23.23,23.07,24.8,22.86,-0.16,-0.69,10650,253720
20190615,GDEA,22.94,23.23,23.85,20.66,0.29,1.26,153848,2101114.6
20190614,GDEA,22.91,22.94,23.17,22.91,0.03,0.13,390190,8704765.33
20190613,GDEA,23.06,22.91,23,22.51,-0.15,-0.65,544351,6719997.06
20190612,GDEA,22.85,23.06,23.3,22.51,0.21,0.92,489644,9610800
20190611,GDEA,23.03,22.85,23.3,21.21,-0.18,-0.78,1360919,18520319.19
20190610,GDEA,22.9,23.03,23.18,22.76,0.13,0.57,1183491,21960054.6
20190606,GDEA,22.86,22.9,23.2,20.66,0.04,0.17,1339761,19690168.08
20190605,GDEA,22.81,22.86,23.5,21.25,0.05,0.22,1503001,23669413.5
20190604,GDEA,23.2,22.81,23.3,22.71,-0.39,-1.68,106509,448497.58
20190603,GDEA,23.13,23.2,23.29,22.8,0.07,0.3,511699,8265773.69
20190531,GDEA,23.05,23.13,23.3,22.51,0.08,0.35,1082628,15538445.68
20190530,GDEA,22.66,23.05,23.19,22.75,0.39,1.72,655066,13943842.47
20190529,GDEA,22.5,22.66,23.07,22.5,0.16,0.71,620297,12697534.01
20190528,GDEA,23.23,22.5,23.28,21.73,-0.73,-3.14,859457,17704076.65
20190527,GDEA,23.08,23.23,24.8,23,0.15,0.65,800680,17304756.03
20190524,GDEA,22.85,23.08,23.4,22.77,0.23,1.01,235200,4257093.64
20190523,GDEA,22.85,22.85,23,22.7,0,0,261974,5798132.74
20190522,GDEA,22.73,22.85,25,22.6,0.12,0.53,88345,2040110.08
20190521,GDEA,23.12,22.73,22.82,22.6,-0.39,-1.69,73742,1676320.85
20190520,GDEA,22.66,23.12,24.5,22.6,0.46,2.03,37857,913916.61
20190517,GDEA,22.42,22.66,22.8,22.5,0.24,1.07,1097,24859.05
20190516,GDEA,22.36,22.42,22.8,22.3,0.06,0.27,160917,3610955.43
20190515,GDEA,22.25,22.36,22.5,22,0.11,0.49,281163,6063697.98
20190514,GDEA,22.04,22.25,22.48,22.11,0.21,0.95,543381,12381840.84
20190513,GDEA,21.93,22.04,22.29,21.31,0.11,0.5,655816,10099017.81
20190510,GDEA,21.78,21.93,22.04,21.62,0.15,0.69,60108,1318205.69
20190509,GDEA,21.63,21.78,21.98,21.54,0.15,0.69,92151,2006720.7
20190508,GDEA,20.69,21.63,21.98,21.38,0.94,4.54,163258,2796773.47
20190507,GDEA,20.24,20.69,21.95,20.61,0.45,2.22,506458,10621767.26
20190506,GDEA,21.88,20.24,21.99,20,-1.64,-7.5,706110,14647312.65
20190430,GDEA,22.03,21.88,22.49,21.8,-0.15,-0.68,898567,19949300
20190429,GDEA,22.48,22.03,22.5,22,-0.45,-2,300734,5738207.8
20190426,GDEA,22.47,22.48,22.49,22,0.01,0.04,210518,4914461.98
20190425,GDEA,22.49,22.47,22.5,22.1,-0.02,-0.09,298094,6283310.99
20190424,GDEA,22.46,22.49,24.71,20.22,0.03,0.13,674916,13798174.58
20190423,GDEA,22.5,22.46,22.69,22.25,-0.04,-0.18,381833,8152215.1
20190422,GDEA,22.41,22.5,24.65,22.21,0.09,0.4,631793,13356914.78
20190419,GDEA,22.36,22.41,23.5,20.13,0.05,0.22,251102,5308113.26
20190418,GDEA,22.24,22.36,22.8,22.02,0.12,0.54,23052,515510.03
20190417,GDEA,21.91,22.24,22.49,21.82,0.33,1.51,257,5715.93
20190416,GDEA,21.7,21.91,22.22,21.75,0.21,0.97,3113,68199.24
20190415,GDEA,21.85,21.7,22.27,21.5,-0.15,-0.69,1042103,19827908.69
20190412,GDEA,21.43,21.85,21.89,21.68,0.42,1.96,381452,8013530.09
20190411,GDEA,21.78,21.43,21.8,21.2,-0.35,-1.61,609274,13080881.74
20190410,GDEA,21.49,21.78,21.9,21.35,0.29,1.35,574712,11128696.34
20190409,GDEA,21.64,21.49,21.86,21.41,-0.15,-0.69,191463,4114650.42
20190408,GDEA,21.83,21.64,22,21.41,-0.19,-0.87,426714,8890221.53
20190404,GDEA,21.94,21.83,22.49,19.75,-0.11,-0.5,910377,15767115.5
20190403,GDEA,21.67,21.94,23.84,21.71,0.27,1.25,468867,7933748.33
20190402,GDEA,21.74,21.67,22,21.6,-0.07,-0.32,337446,7085964.11
20190401,GDEA,21.71,21.74,21.88,21.25,0.03,0.14,628807,12764866.04
20190329,GDEA,21.45,21.71,21.8,21.4,0.26,1.21,847098,15358823.41
20190328,GDEA,21.34,21.45,22.8,21.39,0.11,0.52,1095404,22306913.05
20190327,GDEA,21.36,21.34,21.36,21.3,-0.02,-0.09,601939,12577506.4
20190326,GDEA,21.37,21.36,21.55,21.2,-0.01,-0.05,786030,12669170.5
20190325,GDEA,21.44,21.37,21.6,21.31,-0.07,-0.33,570292,12063350.82
20190322,GDEA,21.16,21.44,21.5,21.4,0.28,1.32,1677059,32670090.2
20190321,GDEA,21.36,21.16,21.5,20.6,-0.2,-0.94,490497,10525048.65
20190320,GDEA,21.34,21.36,21.58,20.61,0.02,0.09,491961,9944910.79
20190319,GDEA,21.07,21.34,21.9,20.5,0.27,1.28,327239,7028358.09
20190318,GDEA,21.3,21.07,23.4,20.73,-0.23,-1.08,415750,8598742.55
20190315,GDEA,21.52,21.3,21.98,20.8,-0.22,-1.02,16901,360021.78
20190314,GDEA,21.45,21.52,21.98,21.5,0.07,0.33,12652,272294.66
20190313,GDEA,21.68,21.45,23.8,19.51,-0.23,-1.06,102735,2241111.47
20190312,GDEA,20.11,21.68,22.12,20.18,1.57,7.81,61573,1338861.24
20190311,GDEA,19.39,20.11,21.33,19.5,0.72,3.71,233261,4362567.43
20190308,GDEA,19.32,19.39,21.25,19.21,0.07,0.36,42095,834085.93
20190307,GDEA,19.12,19.32,21.03,19.16,0.2,1.05,58818,1185201.76
20190306,GDEA,19.11,19.12,21.02,19.01,0.01,0.05,31816,626519.02
20190305,GDEA,18.96,19.11,20.84,18.82,0.15,0.79,41795,815292.14
20190304,GDEA,20.25,18.96,22.2,18.41,-1.29,-6.37,45372,860277.6
20190301,GDEA,19.56,20.25,21.52,20,0.69,3.53,306869,5299065.74
20190228,GDEA,19.66,19.56,20.99,19.51,-0.1,-0.51,12120,237057.9
20190227,GDEA,19.95,19.66,21.8,19.02,-0.29,-1.45,46636,916767.14
20190226,GDEA,20.51,19.95,22.22,19.01,-0.56,-2.73,14103,281393.66
20190225,GDEA,20.94,20.51,23,19.5,-0.43,-2.05,20701,424584.6
20190222,GDEA,19.5,20.94,21,20.6,1.44,7.38,9800,205249
20190221,GDEA,19.99,19.5,19.5,19.5,-0.49,-2.45,172,3354
20190220,GDEA,19.7,19.99,19.99,19.99,0.29,1.47,101,2018.99
20190219,GDEA,19.43,19.7,19.8,19.68,0.27,1.39,10601,208839.8
20190218,GDEA,19.43,19.43,19.59,19.1,0,0,10202,198207.69
20190215,GDEA,18.43,19.43,19.6,19.3,1,5.43,11000,213700
20190214,GDEA,17.9,18.43,19.28,18.37,0.53,2.96,1602,29521.28
20190213,GDEA,17.9,17.9,19.48,19.48,0,0,100,1948
20190212,GDEA,17.9,17.9,19.2,19.2,0,0,1,19.2
20190211,GDEA,19.16,17.9,19.6,17.86,-1.26,-6.58,71302,1306253.75
20190201,GDEA,18.56,19.16,20,18.55,0.6,3.23,10000,191635.02
20190131,GDEA,18.6,18.56,18.6,18.4,-0.04,-0.22,158765,2946276
20190130,GDEA,18.39,18.6,18.6,18.6,0.21,1.14,154,2864.4
20190129,GDEA,18.53,18.39,18.4,18.35,-0.14,-0.76,124678,2293068.8
20190128,GDEA,18.54,18.53,18.7,18.5,-0.01,-0.05,11669,216280.9
20190125,GDEA,18.57,18.54,18.6,18.5,-0.03,-0.16,4666,86516.14
20190124,GDEA,18.54,18.57,18.7,18.55,0.03,0.16,1770,32877
20190122,GDEA,19,18.54,18.7,18.5,-0.46,-2.42,48640,901623.04
20190121,GDEA,19,19,19,19,0,0,243,4617
20190118,GDEA,18.96,19,19.46,19,0.04,0.21,1742,33098.46
20190117,GDEA,18.99,18.96,20.5,18.95,-0.03,-0.16,601,11395.5
20190116,GDEA,18.9,18.99,19.45,18.9,0.09,0.48,31118,590976.15
20190115,GDEA,18.97,18.9,19.28,18.7,-0.07,-0.37,16011,302606.28
20190114,GDEA,19.29,18.97,19.5,18.9,-0.32,-1.66,16930,321237.5
20190111,GDEA,18.85,19.29,19.6,18.81,0.44,2.33,3698,71334.17
20190110,GDEA,18.84,18.85,19.1,18.8,0.01,0.05,10946,206354.8
20190109,GDEA,18,18.84,19,18.8,0.84,4.67,1342,25279.8
20190108,GDEA,16.36,18,18,14.72,1.64,10.02,570348,3296880.08
20190107,GDEA,14.87,16.36,16.36,13.38,1.49,10.02,419487,2344837.04
20190104,GDEA,16.52,14.87,18.17,14.87,-1.65,-9.99,198979,2021821.03
20190103,GDEA,17.01,16.52,18.71,15.31,-0.49,-2.88,66130,1092412.69
20190102,GDEA,18.87,17.01,19.45,16.98,-1.86,-9.86,658140,6591450.89
20181228,GDEA,17.66,18.87,19.43,17.51,1.21,6.85,30409,573688.87
20181227,GDEA,17.65,17.66,18.55,17.25,0.01,0.06,29300,517323
20181226,GDEA,18.56,17.65,18.58,16.7,-0.91,-4.9,7553,133283.55
20181225,GDEA,18.04,18.56,18.68,18.4,0.52,2.88,23041,427689.04
20181224,GDEA,17.52,18.04,18.49,17.88,0.52,2.97,7302,131757.42
20181221,GDEA,17.94,17.52,18.48,16.3,-0.42,-2.34,15619,273586.99
20181220,GDEA,17.94,17.94,18.45,18.01,0,0,23,418.6
20181219,GDEA,17.89,17.94,18.5,16.22,0.05,0.28,30300,543505
20181218,GDEA,17.87,17.89,18.2,16.12,0.02,0.11,53022,948704.11
20181217,GDEA,17.43,17.87,18.05,17.03,0.44,2.52,468675,7443792.85
20181214,GDEA,17.43,17.43,17.98,17.51,0,0,1140008,18240140.55
20181213,GDEA,17.5,17.43,17.98,17,-0.07,-0.4,462371,7325662.38
20181212,GDEA,17.46,17.5,18.05,17,0.04,0.23,1613000,10677510
20181211,GDEA,17.06,17.46,18.05,16.5,0.4,2.34,771496,12448629.56
20181210,GDEA,17.2,17.06,17.68,16.5,-0.14,-0.81,1191470,13846778.1
20181207,GDEA,17.46,17.2,17.95,15.82,-0.26,-1.49,36553,628856.8
20181206,GDEA,17.61,17.46,17.7,17.3,-0.15,-0.85,19289,336806.9
20181205,GDEA,17.83,17.61,17.98,17.6,-0.22,-1.23,232,4085.69
20181204,GDEA,16.73,17.83,18,17.5,1.1,6.58,18001,320960
20181203,GDEA,16.78,16.73,17.98,15.3,-0.05,-0.3,7159,119734.71
20181130,GDEA,17.33,16.78,17.77,15.6,-0.55,-3.17,7900,132536.8
20181129,GDEA,17.5,17.33,17.98,16.6,-0.17,-0.97,385814,6135327.95
20181128,GDEA,16.71,17.5,17.88,15.45,0.79,4.73,225226,1191463.85
20181127,GDEA,17.13,16.71,17.9,15.88,-0.42,-2.45,143045,750894.5
20181126,GDEA,17.23,17.13,17.98,15.8,-0.1,-0.58,395383,3992207.94
20181123,GDEA,17.82,17.23,18.5,16.61,-0.59,-3.31,236,4066
20181122,GDEA,17.82,17.82,19,18.8,0,0,51,959
20181121,GDEA,17.53,17.82,19,17.8,0.29,1.65,650112,10401996.1
20181120,GDEA,17.53,17.53,18.5,17.85,0,0,31,560.4
20181119,GDEA,17.22,17.53,18.6,17.53,0.31,1.8,5013,87891.8
20181116,GDEA,16.23,17.22,17.85,16.5,0.99,6.1,10721,184619.85
20181115,GDEA,16.2,16.23,17.81,14.68,0.03,0.19,10186,165268.28
20181114,GDEA,15.98,16.2,17.5,14.8,0.22,1.38,9033,146308.4
20181113,GDEA,16.11,15.98,17.5,15,-0.13,-0.81,8413,134476.64
20181112,GDEA,16.76,16.11,17.5,15.15,-0.65,-3.88,21148,340638
20181109,GDEA,15.24,16.76,16.76,16.76,1.52,9.97,2000,33520
20181108,GDEA,16.87,15.24,17.5,15.18,-1.63,-9.66,207917,3750619.7
20181107,GDEA,17,16.87,17.8,15.3,-0.13,-0.76,34124,575577.72
20181106,GDEA,17,17,17.05,17,0,0,32000,544100
20181105,GDEA,16.99,17,17,16.99,0.01,0.06,351501,4874958.71
20181102,GDEA,16.7,16.99,17,16.9,0.29,1.74,11000,186900
20181101,GDEA,17.16,16.7,16.7,16.7,-0.46,-2.68,4024,67200.8
20181031,GDEA,17.23,17.16,17.5,16.7,-0.07,-0.41,7843,134610.9
20181030,GDEA,18.09,17.23,18,16.6,-0.86,-4.75,10158,174986
20181029,GDEA,18.29,18.09,18.29,18,-0.2,-1.09,16432,297241
20181026,GDEA,17.2,18.29,18.29,18.29,1.09,6.34,400,7316
20181025,GDEA,17.18,17.2,18.9,16.5,0.02,0.12,5940,102139.12
20181024,GDEA,16.94,17.18,18.6,16.51,0.24,1.42,97197,1083987.08
20181023,GDEA,16.43,16.94,18.07,16.6,0.51,3.1,15300,259240
20181022,GDEA,15.25,16.43,16.78,14,1.18,7.74,5474,89965.14
20181019,GDEA,16.08,15.25,15.5,14.48,-0.83,-5.16,1320,20133.6
20181018,GDEA,15.89,16.08,16.3,15.8,0.19,1.2,7678,123480.05
20181017,GDEA,14.51,15.89,15.96,13.9,1.38,9.51,18896,300233.19
20181016,GDEA,15.14,14.51,16,13.88,-0.63,-4.16,14314,207688.11
20181015,GDEA,15.14,15.14, , ,0,0,860000,6045800
20181012,GDEA,15.56,15.14,15.2,14.22,-0.42,-2.7,5333,80735.26
20181011,GDEA,15.34,15.56,15.88,13.88,0.22,1.43,5565,86572.2
20181010,GDEA,15.31,15.34,15.56,13.9,0.03,0.2,407518,853727.72
20181009,GDEA,13.96,15.31,15.36,13.8,1.35,9.67,397427,503719.92
20181008,GDEA,14.59,13.96,15,13.9,-0.63,-4.32,350,4887
20180928,GDEA,13.88,14.59,14.6,13.68,0.71,5.12,30230,441146.4
20180927,GDEA,14.37,13.88,13.88,13.88,-0.49,-3.41,320,4441.6
20180926,GDEA,14,14.37,15,13.8,0.37,2.64,420,6036
20180925,GDEA,14.5,14,14.9,13.88,-0.5,-3.45,893,10317.65
20180921,GDEA,14.6,14.5,14.6,14.5,-0.1,-0.68,1230,17838
20180920,GDEA,14.07,14.6,14.6,14.6,0.53,3.77,6000,87600
20180919,GDEA,14.07,14.07, , ,0,0,150000,2220000
20180918,GDEA,14.9,14.07,16,14,-0.83,-5.57,290,4080
20180917,GDEA,15.7,14.9,14.9,14.9,-0.8,-5.1,1000,14900
20180914,GDEA,16,15.7,16.3,14.62,-0.3,-1.88,1560,24487.2
20180911,GDEA,14.69,16,16,16,1.31,8.92,541938,7056891
20180910,GDEA,13.45,14.69,14.8,14.6,1.24,9.22,12500,183620
20180907,GDEA,14.48,13.45,15,13.03,-1.03,-7.11,28101,378050
20180906,GDEA,13.2,14.48,14.52,14.02,1.28,9.7,17798,257678.86
20180905,GDEA,12,13.2,13.2,13.2,1.2,10,1000,13200
20180903,GDEA,13,12,12,12,-1,-7.69,37441,449292
20180831,GDEA,14.39,13,15.5,13,-1.39,-9.66,26001,338015.5
20180830,GDEA,14.37,14.39,14.88,13.2,0.02,0.14,8400,120900.09
20180829,GDEA,13.8,14.37,14.8,13.2,0.57,4.13,10789,155028.31
20180828,GDEA,14.74,13.8,13.8,13.8,-0.94,-6.38,800,11040
20180827,GDEA,14.8,14.74,14.8,14.6,-0.06,-0.41,1400,20640
20180824,GDEA,14.8,14.8,14.8,14.8,0,0,55,814
20180823,GDEA,13.88,14.8,14.8,14.8,0.92,6.63,3500,51800
20180822,GDEA,13.88,13.88,14.66,14.66,0,0,8,117.28
20180820,GDEA,14.82,13.88,14.65,13.84,-0.94,-6.34,725,10063.97
20180817,GDEA,14.01,14.82,14.82,14.82,0.81,5.78,4036,59813.52
20180816,GDEA,14.14,14.01,14.5,14,-0.13,-0.92,5615,78653
20180815,GDEA,13.88,14.14,14.3,14,0.26,1.87,15154,214299.2
20180814,GDEA,14.6,13.88,13.88,13.88,-0.72,-4.93,580,8050.4
20180813,GDEA,14.93,14.6,14.6,14.5,-0.33,-2.21,4123,60194.8
20180810,GDEA,13.73,14.93,14.97,14.66,1.2,8.74,26052,388882.14
20180809,GDEA,13.89,13.73,13.8,13.61,-0.16,-1.15,438,6014
20180808,GDEA,14.49,13.89,14,13.89,-0.6,-4.14,812,11280
20180807,GDEA,13.39,14.49,14.49,13.8,1.1,8.22,23684,343167.36
20180806,GDEA,13.02,13.39,13.83,13.02,0.37,2.84,3051,40852.34
20180803,GDEA,13.51,13.02,13.02,13.02,-0.49,-3.63,291388,1899471.76
20180802,GDEA,13.68,13.51,13.51,13.51,-0.17,-1.24,102500,1261355
20180730,GDEA,13,13.68,13.68,13.68,0.68,5.23,100,1368
20180727,GDEA,13,13,13,13,0,0,550,7150
20180726,GDEA,13,13, , ,0,0,50000,833000
20180725,GDEA,13.2,13,13,13,-0.2,-1.52,268777,3617416.42
20180724,GDEA,13.71,13.2,13.2,13.2,-0.51,-3.72,800,10560
20180723,GDEA,13.26,13.71,14.1,12,0.45,3.39,28001,383873.51
20180720,GDEA,13.8,13.26,14,12.5,-0.54,-3.91,9888,131100
20180719,GDEA,13.87,13.8,14.15,12.6,-0.07,-0.5,12881,177802
20180718,GDEA,14.33,13.87,14.54,13,-0.46,-3.21,14078,195206.8
20180717,GDEA,14.93,14.33,14.58,13.45,-0.6,-4.02,90962,1298018.99
20180716,GDEA,14.2,14.93,15.6,14.2,0.73,5.14,61319,915372.96
20180713,GDEA,13.3,14.2,14.2,14.2,0.9,6.77,1,14.2
20180711,GDEA,12.09,13.3,13.3,13.3,1.21,10.01,11,146.3
20180710,GDEA,13,12.09,12.1,11.8,-0.91,-7,205,2479
20180706,GDEA,14.44,13,13,13,-1.44,-9.97,1,13
20180705,GDEA,14.12,14.44,14.49,14.35,0.32,2.27,4435,64041.01
20180703,GDEA,14.5,14.12,15.95,14.1,-0.38,-2.62,5201,73415.95
20180702,GDEA,14,14.5,14.5,14.5,0.5,3.57,1,14.5
20180628,GDEA,14.37,14,14,14,-0.37,-2.57,255607,4051198
20180626,GDEA,14.35,14.37,14.49,14,0.02,0.14,15526,223177.74
20180625,GDEA,14.61,14.35,14.5,13.15,-0.26,-1.78,20728,297507.88
20180621,GDEA,14.46,14.61,14.61,13.9,0.15,1.04,340147,3480343.3
20180620,GDEA,14.52,14.46,14.49,14.02,-0.06,-0.41,440848,6557201.28
20180619,GDEA,14.88,14.52,14.88,14.3,-0.36,-2.42,225825,3333647.1
20180618,GDEA,14.63,14.88,16.09,14.5,0.25,1.71,597464,6252430.76
20180617,GDEA,14.63,14.63, , ,0,0,384986,5662718
20180616,GDEA,14.88,14.63,15.1,14.6,-0.25,-1.68,489076,7156899.6
20180615,GDEA,15.02,14.88,15.8,14.7,-0.14,-0.93,1420753,18996441.07
20180614,GDEA,14.77,15.02,15.05,14.39,0.25,1.69,579579,8713406.21
20180613,GDEA,15.13,14.77,14.99,14.55,-0.36,-2.38,883505,9199773.24
20180612,GDEA,14.98,15.13,15.28,14.8,0.15,1,309634,4683379.48
20180611,GDEA,15.51,14.98,15.07,14.96,-0.53,-3.42,490362,7575848.03
20180608,GDEA,16.35,15.51,15.8,14.72,-0.84,-5.14,277481,4341868.65
20180607,GDEA,15.32,16.35,16.8,15.01,1.03,6.72,306575,5011664.66
20180606,GDEA,15.19,15.32,16.6,15,0.13,0.86,168742,2585769.72
20180605,GDEA,15.51,15.19,15.42,14.8,-0.32,-2.06,6141,93257.92
20180604,GDEA,15.43,15.51,16.2,15.1,0.08,0.52,429834,6095905.67
20180601,GDEA,15.22,15.43,15.48,15.01,0.21,1.38,788984,11677822.4
20180531,GDEA,15.25,15.22,15.25,15.21,-0.03,-0.2,1653336,15596790
20180530,GDEA,15.19,15.25,15.3,15.1,0.06,0.39,68912,1050610.07
20180529,GDEA,15,15.19,15.3,14.61,0.19,1.27,243751,3313730.96
20180528,GDEA,14.91,15,15.01,15,0.09,0.6,32180,482730
20180525,GDEA,15.19,14.91,14.99,14.8,-0.28,-1.84,23000,342850
20180524,GDEA,14.97,15.19,15.2,14.98,0.22,1.47,101748,1498135.31
20180523,GDEA,14.97,14.97,15,14.81,0,0,94218,1410706.84
20180522,GDEA,14.93,14.97,15,14.8,0.04,0.27,621076,9300435.53
20180521,GDEA,14.72,14.93,15,14.85,0.21,1.43,210884,2802510.53
20180518,GDEA,15.75,14.72,14.72,14.71,-1.03,-6.54,6447,94889.84
20180517,GDEA,15.25,15.75,16.7,14.61,0.5,3.28,129508,2040373.6
20180516,GDEA,14.76,15.25,16.24,14.6,0.49,3.32,51077,779121.4
20180515,GDEA,14.6,14.76,15,14.5,0.16,1.1,35501,523963.91
20180514,GDEA,14.85,14.6,14.6,14.6,-0.25,-1.68,775,11315
20180511,GDEA,14.73,14.85,15.6,14.6,0.12,0.81,29602,439552.1
20180510,GDEA,14.34,14.73,14.8,14.4,0.39,2.72,13700,201866
20180509,GDEA,14.5,14.34,14.4,14.25,-0.16,-1.1,4182,59988.5
20180508,GDEA,14.34,14.5,14.5,14.5,0.16,1.12,2000,29000
20180507,GDEA,15.52,14.34,14.43,14.25,-1.18,-7.6,32471,465485.83
20180504,GDEA,14.48,15.52,15.8,14.8,1.04,7.18,490091,6956272.09
20180503,GDEA,14.11,14.48,14.5,14.4,0.37,2.62,248973,3604708.77
20180502,GDEA,13.88,14.11,14.39,13.71,0.23,1.66,14699,207387.95
20180427,GDEA,13.47,13.88,14,13.5,0.41,3.04,184948,2434942.7
20180426,GDEA,13.59,13.47,13.7,13.3,-0.12,-0.88,16926,228076.66
20180425,GDEA,13.66,13.59,13.76,13.5,-0.07,-0.51,215123,2805474.15
20180424,GDEA,13.7,13.66,13.79,13.64,-0.04,-0.29,3200,43698
20180423,GDEA,14,13.7,13.8,13.5,-0.3,-2.14,38541,517589.06
20180420,GDEA,13.58,14,14.88,14,0.42,3.09,5001,70014.88
20180419,GDEA,15.01,13.58,13.9,13.55,-1.43,-9.53,1301,17673.9
20180418,GDEA,13.75,15.01,15.01,13.8,1.26,9.16,2831,42492.1
20180417,GDEA,13.78,13.75,15.01,13.5,-0.03,-0.22,120607,1403316.42
20180416,GDEA,14.1,13.78,14.8,13.5,-0.32,-2.27,4301,59264.8
20180413,GDEA,13.8,14.1,15.1,13.75,0.3,2.17,11949,168535.22
20180412,GDEA,13.74,13.8,13.8,13.79,0.06,0.44,18012,236769
20180411,GDEA,13.2,13.74,14.5,13.3,0.54,4.09,22929,315067.05
20180410,GDEA,14.31,13.2,13.2,13.2,-1.11,-7.76,2000,26400
20180409,GDEA,13.53,14.31,14.8,13.5,0.78,5.76,60259,898385
20180403,GDEA,13.2,13.53,14,13.4,0.33,2.5,12752,172572
20180402,GDEA,14.49,13.2,13.79,13.2,-1.29,-8.9,865,11418.59
20180330,GDEA,16.1,14.49,14.49,14.49,-1.61,-10,300001,4377014.49
20180329,GDEA,15.12,16.1,16.1,16.1,0.98,6.48,15527,249984.7
20180328,GDEA,14.6,15.12,15.8,13.3,0.52,3.56,57754,873062.45
20180327,GDEA,13.28,14.6,14.6,14.6,1.32,9.94,6630,96798
20180326,GDEA,12.86,13.28,14.15,13,0.42,3.27,24280,322413.8
20180323,GDEA,13.21,12.86,13.39,12.8,-0.35,-2.65,18300,235288
20180322,GDEA,13.3,13.21,13.99,13.21,-0.09,-0.68,3500,46244.78
20180321,GDEA,13.99,13.3,15,13.3,-0.69,-4.93,1101,14645
20180316,GDEA,13.4,13.99,14.69,13.49,0.59,4.4,2550,35669.5
20180315,GDEA,13.44,13.4,13.4,13.39,-0.04,-0.3,2580,34570
20180314,GDEA,13.11,13.44,13.55,13.3,0.33,2.52,25200,338720
20180313,GDEA,14.41,13.11,15.85,13.11,-1.3,-9.02,3161,41445.05
20180312,GDEA,13.1,14.41,14.41,14.41,1.31,10,1,14.41
20180309,GDEA,13.03,13.1,13.67,13.1,0.07,0.54,2001,26213.67
20180306,GDEA,13.12,13.03,13.1,12.96,-0.09,-0.69,12600,164230
20180305,GDEA,13.03,13.12,13.2,13,0.09,0.69,8500,111555
20180302,GDEA,12.52,13.03,13.09,12.9,0.51,4.07,7174,93487.66
20180301,GDEA,13.39,12.52,13,12.4,-0.87,-6.5,100765,1261705.5
20180228,GDEA,12.85,13.39,13.39,13.39,0.54,4.2,1,13.39
20180227,GDEA,13,12.85,12.85,12.85,-0.15,-1.15,1000,12850
20180226,GDEA,12.81,13,13,13,0.19,1.48,2000,26000
20180212,GDEA,12.81,12.81, , ,0,0,250000,2725000
20180209,GDEA,13.2,12.81,12.81,12.81,-0.39,-2.95,1357750,14049277.5
20180208,GDEA,12.87,13.2,13.2,13.2,0.33,2.56,5,66
20180207,GDEA,14.29,12.87,14.3,12.86,-1.42,-9.94,288405,3877359
20180206,GDEA,13.67,14.29,14.5,13.05,0.62,4.54,1400,20010
20180205,GDEA,12.95,13.67,13.67,13.67,0.72,5.56,800,10936
20180202,GDEA,12.7,12.95,12.95,12.95,0.25,1.97,105000,1164750
20180201,GDEA,12.7,12.7,12.7,12.7,0,0,8000,101600
20180131,GDEA,12.7,12.7,12.7,12.7,0,0,101180,1294986
20180130,GDEA,13,12.7,12.7,12.7,-0.3,-2.31,125,1587.5
20180129,GDEA,12.9,13,13,13,0.1,0.78,102970,1358610
20180126,GDEA,12.7,12.9,12.9,12.9,0.2,1.57,1,12.9
20180125,GDEA,12.8,12.7,12.71,12.7,-0.1,-0.78,1435,18226.5
20180117,GDEA,13.9,12.8,12.81,12.8,-1.1,-7.91,14175,181481.75
20180112,GDEA,12.99,13.9,13.9,13.9,0.91,7.01,447,6213.3
20180111,GDEA,12.62,12.99,13,12.7,0.37,2.93,40800,530160
20180110,GDEA,14,12.62,15,12.61,-1.38,-9.86,1198,15118.73
20180109,GDEA,12.93,14,14,14,1.07,8.28,5,70
20180103,GDEA,12.91,12.93,14,12.9,0.02,0.15,8300,107291
20171229,GDEA,12.9,12.91,13.1,12.9,0.01,0.08,10500,135550
20171228,GDEA,12.8,12.9,12.91,12.9,0.1,0.78,22525,290573.61
20171227,GDEA,14.17,12.8,12.8,12.8,-1.37,-9.67,22500,288000
20171226,GDEA,13.2,14.17,14.5,12.9,0.97,7.35,26200,371225
20171222,GDEA,13.02,13.2,13.2,13.2,0.18,1.38,1000,13200
20171221,GDEA,13.08,13.02,13.25,13,-0.06,-0.46,15784,205442.24
20171220,GDEA,13.31,13.08,13.3,13,-0.23,-1.73,35326,462237.16
20171219,GDEA,13.34,13.31,13.31,13.31,-0.03,-0.22,8,106.48
20171218,GDEA,13.7,13.34,13.4,13.3,-0.36,-2.63,4600,61365
20171215,GDEA,13.96,13.7,13.7,13.7,-0.26,-1.86,700,9590
20171214,GDEA,13.33,13.96,13.96,13.96,0.63,4.73,404,5639.84
20171213,GDEA,14.69,13.33,13.33,13.33,-1.36,-9.26,748,9970.84
20171212,GDEA,13.35,14.69,14.69,14.69,1.34,10.04,33595,493510.55
20171211,GDEA,13.73,13.35,13.39,13.1,-0.38,-2.77,19369,258558.27
20171208,GDEA,13.15,13.73,14.2,13.12,0.58,4.41,119651,1643074.84
20171207,GDEA,13.1,13.15,13.2,13,0.05,0.38,36790,483897.1
20171206,GDEA,14.2,13.1,13.2,13.1,-1.1,-7.75,52233,652597
20171205,GDEA,13.5,14.2,14.2,14.2,0.7,5.19,200,2840
20171204,GDEA,14.23,13.5,13.5,13.5,-0.73,-5.13,884,11934
20171128,GDEA,13.32,14.23,14.5,14.2,0.91,6.83,210,2988
20171127,GDEA,14.49,13.32,15.01,13.31,-1.17,-8.07,30416,405196.4
20171124,GDEA,13.6,14.49,14.5,14.2,0.89,6.54,495,7171.5
20171123,GDEA,13.25,13.6,14.2,13.4,0.35,2.64,1515,20611
20171122,GDEA,13.5,13.25,13.69,13.2,-0.25,-1.85,2300,30468
20171117,GDEA,13.56,13.5,13.5,13.5,-0.06,-0.44,370,4995
20171116,GDEA,14.03,13.56,13.56,13.56,-0.47,-3.35,368,4990.08
20171115,GDEA,14,14.03,14.3,13.78,0.03,0.21,102,1431.56
20171114,GDEA,13.45,14,14,14,0.55,4.09,300200,3962800
20171113,GDEA,13.43,13.45,13.45,13.45,0.02,0.15,300742,3729979.9
20171110,GDEA,13.49,13.43,13.6,13.35,-0.06,-0.44,3460,46475
20171109,GDEA,13.55,13.49,13.49,13.49,-0.06,-0.44,370,4991.3
20171106,GDEA,13.6,13.55,13.55,13.55,-0.05,-0.37,500,6775
20171102,GDEA,13.4,13.6,13.6,13.6,0.2,1.49,360001,3600013.6
20171101,GDEA,13.44,13.4,14,13.3,-0.04,-0.3,3176,42543.85
20171031,GDEA,13.33,13.44,14.23,13.38,0.11,0.83,10256,137868.55
20171030,GDEA,13.48,13.33,14.78,13,-0.15,-1.11,17150,228653.5
20171027,GDEA,14.4,13.48,15.5,12.96,-0.92,-6.39,6251,84271.4
20171026,GDEA,13.1,14.4,14.4,14.4,1.3,9.92,1800,25920
20171025,GDEA,14.3,13.1,13.8,13.1,-1.2,-8.39,9556,125222.7
20171024,GDEA,13.5,14.3,14.3,14.3,0.8,5.93,10,143
20171023,GDEA,13.7,13.5,13.5,13.5,-0.2,-1.46,500,6750
20171020,GDEA,14.92,13.7,13.8,13.6,-1.22,-8.18,600,8220
20171019,GDEA,15.04,14.92,15.8,13.8,-0.12,-0.8,1091,16274.9
20171018,GDEA,14.92,15.04,15.88,13.43,0.12,0.8,805,12105.6
20171017,GDEA,14,14.92,15.2,13.5,0.92,6.57,600,8950
20171016,GDEA,14.1,14,14,14,-0.1,-0.71,33,462
20171013,GDEA,13.9,14.1,15.2,13.3,0.2,1.44,2650,37360
20171011,GDEA,13.78,13.9,13.9,13.89,0.12,0.87,100211,1102931.9
20171010,GDEA,13.5,13.78,13.78,13.78,0.28,2.07,1,13.78
20171009,GDEA,13.5,13.5,13.5,13.5,0,0,275000,1906300
20170929,GDEA,13.37,13.5,13.5,13.5,0.13,0.97,2839,38326.5
20170928,GDEA,13.78,13.37,13.5,13.3,-0.41,-2.98,6737,90107.1
20170927,GDEA,13.85,13.78,13.9,13.5,-0.07,-0.51,226115,2959807.75
20170926,GDEA,13.92,13.85,13.85,13.85,-0.07,-0.5,50,692.5
20170925,GDEA,15.47,13.92,13.92,13.92,-1.55,-10.02,3807,52993.44
20170922,GDEA,14.42,15.47,15.6,13.6,1.05,7.28,30046,464900.35
20170921,GDEA,13.11,14.42,14.42,14.42,1.31,9.99,16000,230720
20170920,GDEA,13.7,13.11,14.5,12.8,-0.59,-4.31,11120,145737
20170919,GDEA,13.7,13.7,13.7,13.7,0,0,1,13.7
20170918,GDEA,13.65,13.7,13.7,13.7,0.05,0.37,1312,17974.4
20170915,GDEA,13.57,13.65,13.65,13.65,0.08,0.59,1,13.65
20170914,GDEA,13.49,13.57,13.57,13.57,0.08,0.59,1,13.57
20170913,GDEA,13.5,13.49,13.6,13.3,-0.01,-0.07,2568,34646.8
20170912,GDEA,13.5,13.5,13.5,13.5,0,0,200,2700
20170911,GDEA,12.86,13.5,13.5,13.5,0.64,4.98,1000,13500
20170908,GDEA,13.5,12.86,13.4,12.5,-0.64,-4.74,3500,45000
20170907,GDEA,12.89,13.5,13.5,13.5,0.61,4.73,3000,40500
20170906,GDEA,13,12.89,13.2,12.5,-0.11,-0.85,4469,57590.8
20170905,GDEA,12.7,13,13,13,0.3,2.36,2000,26000
20170904,GDEA,12.8,12.7,12.9,12.5,-0.1,-0.78,6003,76237.5
20170901,GDEA,12.81,12.8,13.18,12.8,-0.01,-0.08,100001,1280013.18
20170831,GDEA,13,12.81,12.81,12.81,-0.19,-1.46,300,3843
20170830,GDEA,13.18,13,13,13,-0.18,-1.37,100,1300
20170828,GDEA,13,13.18,13.18,13.18,0.18,1.38,20,263.6
20170825,GDEA,13,13,13,13,0,0,671,8723
20170824,GDEA,12.98,13,14.28,13,0.02,0.15,1001,13014.28
20170823,GDEA,12.5,12.98,12.98,12.98,0.48,3.84,1537,19950.26
20170822,GDEA,12.28,12.5,12.8,12.5,0.22,1.79,501,6262.8
20170821,GDEA,12.28,12.28,12.5,12.21,0,0,580,7122.6
20170816,GDEA,12.36,12.28,12.55,12.25,-0.08,-0.65,25063,307849.01
20170815,GDEA,12.22,12.36,12.68,11.3,0.14,1.15,18690,231039.6
20170814,GDEA,12.12,12.22,12.5,11,0.1,0.83,40357,493059.05
20170811,GDEA,12.6,12.12,12.79,11.35,-0.48,-3.81,9320,112982
20170810,GDEA,12.09,12.6,12.6,12.6,0.51,4.22,2000,25200
20170809,GDEA,11.99,12.09,12.8,11,0.1,0.83,6581,79591
20170808,GDEA,12.51,11.99,12.8,11.3,-0.52,-4.16,4333,51962.9
20170807,GDEA,12.16,12.51,12.51,12.51,0.35,2.88,1,12.51
20170804,GDEA,11.05,12.16,12.16,12.16,1.11,10.05,2,24.32
20170803,GDEA,12.24,11.05,12.51,11.05,-1.19,-9.72,3379,37352.55
20170802,GDEA,12.98,12.24,13,11.7,-0.74,-5.7,12977,158808.6
20170801,GDEA,11.91,12.98,12.98,12.98,1.07,8.98,50,649
20170731,GDEA,11.64,11.91,12.8,11.25,0.27,2.32,6897,82141.25
20170728,GDEA,12.51,11.64,12.5,11.55,-0.87,-6.95,21823,165675.44
20170727,GDEA,12.72,12.51,12.52,12.51,-0.21,-1.65,1916,23977.46
20170726,GDEA,12.1,12.72,12.79,12.33,0.62,5.12,10788,137267.71
20170725,GDEA,11.06,12.1,12.17,12.03,1.04,9.4,138094,1657128.2
20170724,GDEA,11.08,11.06,12.19,11,-0.02,-0.18,5200,57497.5
20170721,GDEA,12.13,11.08,12.7,11,-1.05,-8.66,8460,93729
20170720,GDEA,12.59,12.13,12.8,11.7,-0.46,-3.65,25088,304420.44
20170719,GDEA,12.04,12.59,12.6,12.5,0.55,4.57,3440,43302.8
20170717,GDEA,11.66,12.04,12.1,10.49,0.38,3.26,1772,21334.5
20170713,GDEA,12.04,11.66,12.7,11.5,-0.38,-3.16,10129,118145.1
20170712,GDEA,12.24,12.04,12.04,12.04,-0.2,-1.63,1,12.04
20170711,GDEA,12.38,12.24,12.74,12.1,-0.14,-1.13,4873,59644.57
20170710,GDEA,12,12.38,12.7,12.31,0.38,3.17,600,7425
20170707,GDEA,12.22,12,12,12,-0.22,-1.8,2580,30960
20170706,GDEA,11.11,12.22,12.22,12.22,1.11,9.99,2000,24440
20170705,GDEA,11.88,11.11,13,10.69,-0.77,-6.48,6454,71730.32
20170704,GDEA,12.99,11.88,14.29,11.88,-1.11,-8.55,10052,119467.09
20170703,GDEA,12.85,12.99,14.14,11.58,0.14,1.09,53,688.72
20170630,GDEA,14.12,12.85,15.5,12.71,-1.27,-8.99,33506,430454.92
20170629,GDEA,15.69,14.12,14.12,14.12,-1.57,-10.01,13,183.56
20170628,GDEA,14.88,15.69,15.7,13.39,0.81,5.44,63634,998614.9
20170627,GDEA,14.76,14.88,15.5,13.28,0.12,0.81,261983,3639949.12
20170626,GDEA,14,14.76,15.38,12.6,0.76,5.43,148147,2187349.52
20170623,GDEA,12.76,14,14,13.5,1.24,9.72,15033,210437
20170622,GDEA,12.87,12.76,14.15,11.58,-0.11,-0.85,123480,1486690.92
20170621,GDEA,13.09,12.87,14.4,12.5,-0.22,-1.68,100738,1296017.22
20170620,GDEA,12.63,13.09,13.2,13,0.46,3.64,45485,587125.5
20170619,GDEA,12.59,12.63,13.79,12.21,0.04,0.32,262129,3469108.78
20170618,GDEA,11.82,12.59,12.59,12.59,0.77,6.51,1000,12590
20170617,GDEA,12.84,11.82,14,11.56,-1.02,-7.94,55888,660437
20170616,GDEA,13.47,12.84,14.8,12.2,-0.63,-4.68,940599,12175856.62
20170615,GDEA,13.48,13.47,14.78,13,-0.01,-0.07,859092,10736441.53
20170614,GDEA,13.67,13.48,14.9,12.96,-0.19,-1.39,226134,3070665.5
20170613,GDEA,13.5,13.67,14.5,13.1,0.17,1.26,174916,2391422.08
20170612,GDEA,13.39,13.5,14.68,13,0.11,0.82,248768,2778510.13
20170609,GDEA,14.27,13.39,14.18,12.96,-0.88,-6.17,155917,1966108.89
20170608,GDEA,13.5,14.27,14.85,12.78,0.77,5.7,161838,2211986.83
20170607,GDEA,13.72,13.5,13.9,13.1,-0.22,-1.6,318862,4304750.17
20170606,GDEA,14.07,13.72,13.8,12.68,-0.35,-2.49,127837,1877806.08
20170605,GDEA,13.94,14.07,15.33,13.52,0.13,0.93,107937,1519084.12
20170602,GDEA,13.66,13.94,13.99,13.8,0.28,2.05,14800,206284
20170601,GDEA,13.98,13.66,14.49,12.58,-0.32,-2.29,215332,2982147.98
20170531,GDEA,14.52,13.98,15.9,13.2,-0.54,-3.72,1152599,15643797.82
20170526,GDEA,15.31,14.52,16.8,13.78,-0.79,-5.16,74583,1082768.35
20170525,GDEA,17.01,15.31,15.31,15.31,-1.7,-9.99,571000,8591510
20170524,GDEA,18.9,17.01,17.01,17.01,-1.89,-10,40000,680400
20170523,GDEA,17.39,18.9,18.9,15.65,1.51,8.68,15001,283515.65
20170522,GDEA,16.23,17.39,17.84,14.61,1.16,7.15,143114,1949590.16
20170519,GDEA,15.38,16.23,16.92,13.84,0.85,5.53,25829,419091.54
20170518,GDEA,14.39,15.38,15.67,14,0.99,6.88,23300,358314
20170517,GDEA,14.26,14.39,14.89,14,0.13,0.91,39369,566425.51
20170516,GDEA,15.47,14.26,16.5,14,-1.21,-7.82,135499,1932228.79
20170515,GDEA,14.42,15.47,15.5,14.41,1.05,7.28,20504,317266.04
20170512,GDEA,14.78,14.42,14.5,14.36,-0.36,-2.44,10737,154806.02
20170511,GDEA,14.7,14.78,14.78,14.6,0.08,0.54,16386,242156.1
20170510,GDEA,14.68,14.7,15.88,14.1,0.02,0.14,270410,3273063
20170509,GDEA,14.31,14.68,14.8,14.5,0.37,2.59,6001,88064.78
20170508,GDEA,14.1,14.31,14.79,13.9,0.21,1.49,4462,63871.4
20170505,GDEA,14.21,14.1,14.1,14.1,-0.11,-0.77,380050,5765305
20170504,GDEA,15.36,14.21,15.2,13.85,-1.15,-7.49,15169,215576.14
20170503,GDEA,14.77,15.36,16.18,13.7,0.59,3.99,94844,1457115.81
20170502,GDEA,14.56,14.77,15.95,13.21,0.21,1.44,85322,1260355.06
20170428,GDEA,14.01,14.56,15.09,13.9,0.55,3.93,37910,551794.72
20170427,GDEA,13.99,14.01,14.5,13.98,0.02,0.14,7715,108122.7
20170426,GDEA,14.46,13.99,14.1,13.99,-0.47,-3.25,40540,567164
20170425,GDEA,14.92,14.46,14.99,14,-0.46,-3.08,34600,500280
20170424,GDEA,14.12,14.92,15.45,14.2,0.8,5.67,510274,5893330.68
20170421,GDEA,14.43,14.12,14.3,14,-0.31,-2.15,323090,3367294
20170420,GDEA,14.58,14.43,14.5,14.4,-0.15,-1.03,643886,9434789.7
20170419,GDEA,15.96,14.58,15,14.5,-1.38,-8.65,413675,5719355.4
20170418,GDEA,15,15.96,16.38,14.8,0.96,6.4,150100,2395371.83
20170417,GDEA,15.18,15,16.7,14.8,-0.18,-1.19,238735,3419315.77
20170414,GDEA,15.54,15.18,17.06,14.98,-0.36,-2.32,112156,1702730.51
20170413,GDEA,15.01,15.54,15.79,14.98,0.53,3.53,22866,355451.51
20170412,GDEA,15.12,15.01,15.3,15,-0.11,-0.73,6050,90818
20170411,GDEA,15.35,15.12,15.3,15.05,-0.23,-1.5,173654,2168702.2
20170410,GDEA,15.47,15.35,16.48,15,-0.12,-0.78,25732,394965.15
20170407,GDEA,15.32,15.47,15.95,15,0.15,0.98,25147,388979.72
20170406,GDEA,15.34,15.32,15.36,15.1,-0.02,-0.13,120643,1848573.93
20170405,GDEA,15.37,15.34,15.86,15,-0.03,-0.2,124252,1905410.67
20170331,GDEA,15.68,15.37,15.78,15.23,-0.31,-1.98,200650,2409992
20170330,GDEA,15.54,15.68,15.69,15.2,0.14,0.9,250510,3257997
20170329,GDEA,15.72,15.54,16.79,15.06,-0.18,-1.15,32264,501226.81
20170328,GDEA,15.63,15.72,17,15.1,0.09,0.58,7600,119477.5
20170327,GDEA,15.55,15.63,16.5,15.2,0.08,0.51,161848,2529818.34
20170324,GDEA,15.69,15.55,16.38,15.2,-0.14,-0.89,133644,1723117.46
20170323,GDEA,15.31,15.69,15.84,15.02,0.38,2.48,381,5977.32
20170322,GDEA,15.54,15.31,16.87,14.01,-0.23,-1.48,20698,316874.87
20170321,GDEA,15.26,15.54,16.04,14.91,0.28,1.83,9628,149572.23
20170320,GDEA,15.51,15.26,15.59,14.81,-0.25,-1.61,166219,2462873.37
20170317,GDEA,14.98,15.51,15.8,15.1,0.53,3.54,210430,2106669.8
20170316,GDEA,13.62,14.98,14.98,14.9,1.36,9.99,1600,23960
20170315,GDEA,14.83,13.62,15.99,13.43,-1.21,-8.16,22948,312511.84
20170314,GDEA,14.84,14.83,15.8,14.81,-0.01,-0.07,2350,34853
20170313,GDEA,14.65,14.84,16.1,13.2,0.19,1.3,108300,1613187
20170310,GDEA,15.07,14.65,15.68,13.62,-0.42,-2.79,8773,128480.72
20170309,GDEA,14.99,15.07,16.45,13.5,0.08,0.53,6600,99475
20170308,GDEA,15.09,14.99,16.6,14.99,-0.1,-0.66,2866,42971.6
20170307,GDEA,15.02,15.09,15.38,14.9,0.07,0.47,1932,29162.6
20170306,GDEA,15.07,15.02,15.05,15,-0.05,-0.33,2421,36355
20170303,GDEA,15.3,15.07,15.6,15.06,-0.23,-1.5,19860,299193.9
20170302,GDEA,15,15.3,15.49,15.29,0.3,2,609,9317.01
20170301,GDEA,14.63,15,15.3,15,0.37,2.53,532,7980.6
20170228,GDEA,14.7,14.63,15,14.6,-0.07,-0.48,5803,84895
20170227,GDEA,14.7,14.7,14.7,14.7,0,0,287,4218.9
20170224,GDEA,14.81,14.7,15,14.7,-0.11,-0.74,10025,147375
20170223,GDEA,14.27,14.81,15,14.81,0.54,3.78,30338,449355
20170222,GDEA,14.86,14.27,15.99,14,-0.59,-3.97,1860,26544.5
20170221,GDEA,14.91,14.86,15.79,14.5,-0.05,-0.34,2989,44423.13
20170220,GDEA,14.96,14.91,15,14.9,-0.05,-0.33,330,4919
20170217,GDEA,15.2,14.96,15.2,14.51,-0.24,-1.58,1338,20022.2
20170216,GDEA,15.25,15.2,16.75,15,-0.05,-0.33,10407,158230.56
20170215,GDEA,14.02,15.25,15.4,15,1.23,8.77,306,4667.2
20170214,GDEA,13.64,14.02,14.95,13.88,0.38,2.79,1719,24092.05
20170213,GDEA,13.34,13.64,14.67,13.35,0.3,2.25,4509,61499.37
20170210,GDEA,12.87,13.34,14,12.7,0.47,3.65,314565,4103268.48
20170209,GDEA,13.83,12.87,13.48,12.75,-0.96,-6.94,55905,719233.26
20170208,GDEA,15.3,13.83,15,13.77,-1.47,-9.61,31934,441645.99
20170207,GDEA,16.3,15.3,16.4,14.67,-1,-6.13,21836,334068.51
20170206,GDEA,18,16.3,16.8,16.2,-1.7,-9.44,18827,306966.5
20170203,GDEA,17.77,18,18,18,0.23,1.29,100,1800
20170126,GDEA,17.77,17.77, , ,0,0,150000,1650000
20170125,GDEA,17.64,17.77,17.85,17,0.13,0.74,5576,99089.6
20170124,GDEA,17.89,17.64,17.98,16.59,-0.25,-1.4,11969,211081.76
20170123,GDEA,18.36,17.89,18,16.58,-0.47,-2.56,333789,6126870.94
20170120,GDEA,17.81,18.36,18.88,16.5,0.55,3.09,13397,245974.7
20170119,GDEA,18.08,17.81,19.5,16.8,-0.27,-1.49,112571,1399209.84
20170118,GDEA,16.52,18.08,18.12,17.5,1.56,9.44,15352,277572.96
20170117,GDEA,18.1,16.52,18.45,16.3,-1.58,-8.73,51663,853595.33
20170116,GDEA,18.29,18.1,19.98,17.5,-0.19,-1.04,50688,917221.9
20170113,GDEA,17.65,18.29,19.4,17.5,0.64,3.63,178732,2175619.25
20170112,GDEA,18.26,17.65,20.08,17.5,-0.61,-3.34,265213,4516570.66
20170111,GDEA,17.75,18.26,19.45,17.5,0.51,2.87,244595,3377621.65
20170110,GDEA,17.73,17.75,19.48,16,0.02,0.11,203692,3615731.76
20170109,GDEA,17.08,17.73,18.25,15.5,0.65,3.81,153490,2721260.65
20170106,GDEA,16.59,17.08,18,15.2,0.49,2.95,107452,1835529.47
20170105,GDEA,15.93,16.59,17.52,15.8,0.66,4.14,104803,1739044.57
20170104,GDEA,15.27,15.93,16.4,14.9,0.66,4.32,9619,153270.6
20170103,GDEA,14.27,15.27,15.5,13.7,1,7.01,220923,3373793.96
20161230,GDEA,13.78,14.27,15.1,13,0.49,3.56,213201,2758333
20161229,GDEA,13.34,13.78,14.67,12.3,0.44,3.3,532406,6986344.8
20161228,GDEA,14.61,13.34,15.94,13.15,-1.27,-8.69,145084,1934933.3
20161227,GDEA,13.74,14.61,15.11,14.6,0.87,6.33,181105,2311657.89
20161226,GDEA,12.49,13.74,13.74,13.74,1.25,10.01,257750,2562010
20161223,GDEA,12.31,12.49,13.52,11.4,0.18,1.46,3712999,47519182.4
20161222,GDEA,12.44,12.31,13.68,11.3,-0.13,-1.05,30803,379071.04
20161221,GDEA,12.06,12.44,13.27,11,0.38,3.15,9501,118233
20161220,GDEA,12.05,12.06,13.26,10.85,0.01,0.08,128517,1624009.45
20161219,GDEA,11.82,12.05,13,11,0.23,1.95,3800,45800
20161216,GDEA,11.31,11.82,12.44,11,0.51,4.51,3202,37847.88
20161215,GDEA,10.88,11.31,11.9,11.02,0.43,3.95,300,3394
20161214,GDEA,11.2,10.88,10.88,10.88,-0.32,-2.86,1800,19584
20161213,GDEA,12.3,11.2,11.2,11.2,-1.1,-8.94,1500,16800
20161212,GDEA,11.25,12.3,12.3,12.3,1.05,9.33,130000,1599000
20161209,GDEA,11.56,11.25,12.72,10.5,-0.31,-2.68,98305,1105844.2
20161208,GDEA,12.59,11.56,13.78,11.5,-1.03,-8.18,116600,1170495
20161207,GDEA,12.6,12.59,13.78,12.5,-0.01,-0.08,16211,204028.88
20161206,GDEA,14,12.6,15,12.6,-1.4,-10,101800,1282920
20161205,GDEA,15,14,16.5,13.5,-1,-6.67,3068,42942
20161202,GDEA,13.73,15,15,15,1.27,9.25,100002,1070030
20161201,GDEA,13.67,13.73,13.8,12.3,0.06,0.44,210,2883
20161130,GDEA,12.45,13.67,13.7,12.45,1.22,9.8,126,1722.7
20161129,GDEA,11.33,12.45,12.46,12.42,1.12,9.89,100020,1020249.01
20161128,GDEA,11.21,11.33,12.3,10.7,0.12,1.07,203,2299.3
20161125,GDEA,10.88,11.21,11.97,11,0.33,3.03,104208,1117188.97
20161124,GDEA,10.62,10.88,11.68,10.4,0.26,2.45,4100,44610
20161123,GDEA,10.26,10.62,11,10.1,0.36,3.51,184981,1965390.1
20161122,GDEA,10.13,10.26,11.14,10.05,0.13,1.28,62,636.18
20161121,GDEA,10.6,10.13,10.99,9.8,-0.47,-4.43,29850,302452
20161118,GDEA,10.49,10.6,10.89,10.2,0.11,1.05,2802,29693.4
20161117,GDEA,10.79,10.49,10.6,10.2,-0.3,-2.78,11200,117472
20161116,GDEA,11.9,10.79,13,10.71,-1.11,-9.33,205602,2110455.42
20161115,GDEA,10.89,11.9,11.9,11.9,1.01,9.27,120,1428
20161114,GDEA,11.33,10.89,12.45,10.2,-0.44,-3.88,11364,123809.3
20161111,GDEA,11.2,11.33,12.3,10.3,0.13,1.16,9191,104124.08
20161110,GDEA,12.44,11.2,11.2,11.2,-1.24,-9.97,1180,13216
20161108,GDEA,13.2,12.44,13.5,11.88,-0.76,-5.76,3146,39130.48
20161107,GDEA,12.06,13.2,13.2,13.2,1.14,9.45,400,5280
20161104,GDEA,11.5,12.06,12.5,10.35,0.56,4.87,25118,302971.3
20161103,GDEA,10.73,11.5,11.5,11.5,0.77,7.18,300,3450
20161102,GDEA,9.8,10.73,10.78,10.58,0.93,9.49,219808,2966300
20161101,GDEA,10.53,9.8,9.8,9.8,-0.73,-6.93,1,9.8
20161031,GDEA,11.7,10.53,10.53,10.53,-1.17,-10,304,3201.12
20161028,GDEA,10.7,11.7,11.7,11.7,1,9.35,501,5861.7
20161027,GDEA,10.86,10.7,11,10.49,-0.16,-1.47,689129,7515269.9
20161026,GDEA,10.65,10.86,11.7,10.75,0.21,1.97,299501,3450166
20161025,GDEA,10.46,10.65,11.5,10.5,0.19,1.82,3417,36378.5
20161024,GDEA,10.53,10.46,10.8,9.8,-0.07,-0.66,241,2520.8
20161021,GDEA,11.7,10.53,10.53,10.53,-1.17,-10,10,105.3
20161020,GDEA,12.17,11.7,11.7,10.95,-0.47,-3.86,62084,726327.3
20161019,GDEA,11.3,12.17,12.43,10.17,0.87,7.7,9800,119276
20161018,GDEA,11,11.3,12.1,11.3,0.3,2.73,235520,2661388
20161017,GDEA,10.17,11,11,11,0.83,8.16,100,1100
20161014,GDEA,11.3,10.17,10.18,10.17,-1.13,-10,1050,10679
20161013,GDEA,10.31,11.3,11.3,11.3,0.99,9.6,1905,21526.5
20161012,GDEA,10.68,10.31,10.35,10.3,-0.37,-3.46,2387,24601.1
20161011,GDEA,9.8,10.68,10.7,9,0.88,8.98,300,3204.9
20161010,GDEA,10.31,9.8,9.8,9.8,-0.51,-4.95,2700,26460
20160930,GDEA,11.45,10.31,10.31,10.31,-1.14,-9.96,40,412.4
20160928,GDEA,11.42,11.45,11.5,10.28,0.03,0.26,189009,2163232.7
20160927,GDEA,12.04,11.42,11.45,10.84,-0.62,-5.15,190505,2175179.2
20160926,GDEA,11.32,12.04,12.4,10.19,0.72,6.36,360,4333.61
20160923,GDEA,12.54,11.32,13.79,11.29,-1.22,-9.73,182149,2061996.71
20160922,GDEA,13.54,12.54,14.7,12.19,-1,-7.39,4307,54008.33
20160921,GDEA,15.04,13.54,13.54,13.54,-1.5,-9.97,10,135.4
20160919,GDEA,14.22,15.04,15.5,12.8,0.82,5.77,362,5443.6
20160914,GDEA,13.94,14.22,15.3,12.55,0.28,2.01,510,7250.25
20160913,GDEA,15.49,13.94,13.94,13.94,-1.55,-10.01,10,139.4
20160908,GDEA,15.49,15.49, , ,0,0,164750,1902862.5
20160907,GDEA,15.49,15.49, , ,0,0,164750,1894625
20160906,GDEA,14.53,15.49,15.5,13.95,0.96,6.61,166060,1923152
20160905,GDEA,15.58,14.53,17.1,14.02,-1.05,-6.74,164756,1894712.2
20160902,GDEA,15.5,15.58,15.6,13.95,0.08,0.52,100,1558.35
20160901,GDEA,15.16,15.5,15.5,15.5,0.34,2.24,500,7750
20160831,GDEA,14.05,15.16,15.2,12.65,1.11,7.9,551830,5887739.5
20160830,GDEA,14.46,14.05,15,13.01,-0.41,-2.84,661420,7183519.2
20160829,GDEA,15.2,14.46,14.5,13.68,-0.74,-4.87,850,12292.4
20160826,GDEA,14.3,15.2,15.2,13.4,0.9,6.29,17011,258549
20160824,GDEA,13.1,14.3,14.3,14.3,1.2,9.16,2800,40040
20160823,GDEA,12.85,13.1,13.1,13.1,0.25,1.95,100300,1003930
20160822,GDEA,11.89,12.85,12.88,12.85,0.96,8.07,501,6437.88
20160819,GDEA,10.93,11.89,12,9.85,0.96,8.78,1060,12598.5
20160818,GDEA,11.88,10.93,11.15,10.7,-0.95,-8,3002,32816.2
20160815,GDEA,11.34,11.88,11.88,11.88,0.54,4.76,150500,1580940
20160812,GDEA,10.8,11.34,11.6,9.8,0.54,5,37190,421670
20160811,GDEA,11.4,10.8,11.3,10.3,-0.6,-5.26,10000,108000
20160810,GDEA,11.4,11.4,11.4,11.4,0,0,100544,1056201.6
20160808,GDEA,10.65,11.4,11.4,11.4,0.75,7.04,1000,11400
20160805,GDEA,10.65,10.65, , ,0,0,100000,1000000
20160804,GDEA,9.68,10.65,10.65,10.65,0.97,10.02,1000,10650
20160803,GDEA,8.8,9.68,9.68,9.68,0.88,10,10,96.8
20160801,GDEA,8.19,8.8,9,8.15,0.61,7.45,53800,473640
20160728,GDEA,9,8.19,8.25,8.1,-0.81,-9,61300,502235
20160727,GDEA,9.94,9,9,9,-0.94,-9.46,55000,495000
20160726,GDEA,10.41,9.94,9.95,9.9,-0.47,-4.51,1402000,20935875
20160725,GDEA,11.5,10.41,11.5,10.35,-1.09,-9.48,1558,16214.15
20160721,GDEA,11.5,11.5,11.5,11.5,0,0,1,11.5
20160720,GDEA,11.3,11.5,11.5,11.5,0.2,1.77,1000,11500
20160719,GDEA,10.5,11.3,11.55,11.1,0.8,7.62,69270,696330
20160718,GDEA,10,10.5,10.5,10.5,0.5,5,1000,10500
20160714,GDEA,10.5,10,10.55,9.45,-0.5,-4.76,2000,20000
20160713,GDEA,10.1,10.5,10.5,10.5,0.4,3.96,3000,31500
20160712,GDEA,10.77,10.1,10.1,10.1,-0.67,-6.22,500,5050
20160711,GDEA,9.79,10.77,10.77,10.77,0.98,10.01,100,1077
20160708,GDEA,9.09,9.79,10,8.18,0.7,7.7,201,1967.18
20160707,GDEA,8.29,9.09,9.1,9,0.8,9.65,110,1000
20160706,GDEA,8.29,8.29, , ,0,0,33724,286654
20160704,GDEA,8.1,8.29,8.3,7.29,0.19,2.35,70293,531783.73
20160701,GDEA,8.76,8.1,8.1,8.1,-0.66,-7.53,1,8.1
20160630,GDEA,9.1,8.76,9.45,8.3,-0.34,-3.74,38418,336586.85
20160629,GDEA,8.6,9.1,9.1,7.76,0.5,5.81,802,7296.16
20160628,GDEA,9.43,8.6,10.37,8.49,-0.83,-8.8,79038,772422.18
20160627,GDEA,9.32,9.43,10.25,8.39,0.11,1.18,13117,123744.39
20160624,GDEA,10.36,9.32,9.32,9.32,-1.04,-10.04,101,941.32
20160623,GDEA,11,10.36,11.38,9.9,-0.64,-5.82,13,134.62
20160622,GDEA,11.47,11,12.62,10.32,-0.47,-4.1,24118,265355.76
20160621,GDEA,11.74,11.47,12.91,10.57,-0.27,-2.3,1670,19151.84
20160620,GDEA,12.68,11.74,13,11.41,-0.94,-7.41,177666,2341944.98
20160619,GDEA,12.37,12.68,13.61,11.13,0.31,2.51,84364,1070061.64
20160618,GDEA,12.7,12.37,13.97,11.43,-0.33,-2.6,71327,882175.19
20160617,GDEA,12.86,12.7,14.15,11.57,-0.16,-1.24,108971,1384134.4
20160616,GDEA,13,12.86,14.3,11.7,-0.14,-1.08,274188,3444608.05
20160615,GDEA,12.98,13,14.25,11.68,0.02,0.15,278620,3447558.18
20160614,GDEA,12.07,12.98,13.28,11.01,0.91,7.54,136248,1768045.16
20160613,GDEA,11.54,12.07,12.69,10.88,0.53,4.59,259538,3132460.13
20160612,GDEA,10.74,11.54,11.81,9.67,0.8,7.45,111372,1285267.27
20160608,GDEA,11.87,10.74,13.05,10.68,-1.13,-9.52,1035440,11568280.71
20160607,GDEA,13.19,11.87,11.87,11.87,-1.32,-10.01,500,5935
20160606,GDEA,14.66,13.19,13.19,13.19,-1.47,-10.03,333400,3980297
20160603,GDEA,14.66,14.66, , ,0,0,703589,8615326.17
20160602,GDEA,14.58,14.66,16.04,13.12,0.08,0.55,666975,8118887.04
20160601,GDEA,14.58,14.58, , ,0,0,217076,3129293.88
20160531,GDEA,16.2,14.58,14.58,14.58,-1.62,-10,400006,5976087.48
20160530,GDEA,16.2,16.2, , ,0,0,170802,2562030
20160527,GDEA,15.5,16.2,16.2,16.2,0.7,4.52,459,7435.8
20160525,GDEA,14.5,15.5,15.5,15.5,1,6.9,465309,6169493.5
20160524,GDEA,15.65,14.5,14.5,14.09,-1.15,-7.35,347610,3871040.9
20160523,GDEA,15.65,15.65, , ,0,0,400000,5400000
20160520,GDEA,15.65,15.65, , ,0,0,200000,2192000
20160519,GDEA,15,15.65,15.7,13.5,0.65,4.33,150210,1578286
20160518,GDEA,16.01,15,15,14.41,-1.01,-6.31,250012,3900174.1
20160516,GDEA,15.6,16.01,16.2,14.04,0.41,2.63,101130,1648090
20160513,GDEA,14.32,15.6,15.6,15.6,1.28,8.94,300985,3881366
20160512,GDEA,14.58,14.32,16,14.3,-0.26,-1.78,120428,1602288
20160511,GDEA,16.2,14.58,14.58,14.58,-1.62,-10,2,29.16
20160510,GDEA,16.04,16.2,16.2,16.2,0.16,1,907,14693.4
20160509,GDEA,15.5,16.04,16.2,13.95,0.54,3.48,2100,33682.5
20160505,GDEA,14.23,15.5,15.5,15.5,1.27,8.92,557,8633.5
20160504,GDEA,12.96,14.23,14.25,11.66,1.27,9.8,2774,39482.88
20160503,GDEA,11.89,12.96,13.05,10.7,1.07,9,36233,469473.1
20160429,GDEA,11,11.89,11.99,11.79,0.89,8.09,20278,241118.4
20160428,GDEA,11.67,11,11.19,11,-0.67,-5.74,9106,100174.36
20160427,GDEA,12.09,11.67,13.3,10.88,-0.42,-3.47,8511,99303.94
20160426,GDEA,12.28,12.09,13.45,11.05,-0.19,-1.55,15882,192021.95
20160425,GDEA,11.57,12.28,12.73,10.41,0.71,6.14,1348,16552.2
20160422,GDEA,11.88,11.57,12.98,10.69,-0.31,-2.61,101302,1015064.59
20160421,GDEA,13.1,11.88,14.34,11.79,-1.22,-9.31,31375,372592
20160420,GDEA,13.92,13.1,15,12.53,-0.82,-5.89,306,4009.55
20160419,GDEA,14.58,13.92,15.9,13.12,-0.66,-4.53,519,7223.5
20160418,GDEA,16.2,14.58,14.58,14.58,-1.62,-10,200,2916
20160415,GDEA,14.75,16.2,16.2,16.2,1.45,9.83,400,6480
20160414,GDEA,13.49,14.75,14.75,14.75,1.26,9.34,1000,14750
20160413,GDEA,12.26,13.49,13.49,13.49,1.23,10.03,702,9469.98
20160412,GDEA,13.48,12.26,12.5,12.13,-1.22,-9.05,7850,96275
20160411,GDEA,14.23,13.48,15.58,12.81,-0.75,-5.27,5795,78097.1
20160408,GDEA,13.55,14.23,14.5,12.2,0.68,5.02,345,4910.5
20160407,GDEA,12.99,13.55,14.29,12.49,0.56,4.31,85,1151.7
20160406,GDEA,14.31,12.99,12.99,12.99,-1.32,-9.22,1060,13769.4
20160401,GDEA,14.23,14.31,14.5,12.81,0.08,0.56,1222,17487.78
20160331,GDEA,15.81,14.23,14.23,14.23,-1.58,-9.99,400,5692
20160330,GDEA,16.4,15.81,17.5,14.76,-0.59,-3.6,13,205.58
20160329,GDEA,16.2,16.4,16.4,14.58,0.2,1.23,280010,4592145.8
20160324,GDEA,16.01,16.2,16.8,14.41,0.19,1.19,280400,3404481
20160322,GDEA,15.98,16.01,17.26,16,0.03,0.19,292608,4685760
20160316,GDEA,15.08,15.98,16,13.99,0.9,5.97,605,9669.95
20160315,GDEA,15.2,15.08,15.1,13.97,-0.12,-0.79,51,768.97
20160314,GDEA,14.43,15.2,15.2,15.2,0.77,5.34,200,3040
20160311,GDEA,13.3,14.43,14.51,14.2,1.13,8.5,710,10247
20160309,GDEA,14.36,13.3,13.3,13.3,-1.06,-7.38,15,199.5
20160302,GDEA,15.96,14.36,14.36,14.36,-1.6,-10.03,1500,21540
20160229,GDEA,14.75,15.96,16.23,13.3,1.21,8.2,257500,4109750
20160226,GDEA,14.75,14.75, , ,0,0,100000,1180000
20160225,GDEA,16.38,14.75,14.75,14.75,-1.63,-9.95,100,1475
20160224,GDEA,16.5,16.38,18.1,16,-0.12,-0.73,222000,2760400
20160215,GDEA,15.01,16.5,16.5,16.5,1.49,9.93,1000,16500
20160129,GDEA,15.21,15.01,16.73,13.8,-0.2,-1.31,32560,488595
20160128,GDEA,16.22,15.21,17.7,14.6,-1.01,-6.23,191000,2700000
20160127,GDEA,16.27,16.22,17.5,15,-0.05,-0.31,26398,428065
20160126,GDEA,16.8,16.27,18,15.12,-0.53,-3.15,46830,761748.16
20160125,GDEA,16.8,16.8, , ,0,0,100000,1200000
20160122,GDEA,18.45,16.8,16.8,16.8,-1.65,-8.94,10,168
20160107,GDEA,18.13,18.45,18.45,18.45,0.32,1.77,300,5535
20151231,GDEA,18.85,18.13,18.45,17,-0.72,-3.82,2297,41654.65
20151230,GDEA,17.4,18.85,19.14,17.99,1.45,8.33,1615,30435
20151229,GDEA,16.9,17.4,17.4,17.4,0.5,2.96,1000,17400
20151228,GDEA,16.2,16.9,16.9,16.9,0.7,4.32,500,8450
20151225,GDEA,15.76,16.2,16.2,16.2,0.44,2.79,400,6480
20151224,GDEA,15.45,15.76,16,14.99,0.31,2.01,1045,16472.55
20151223,GDEA,15.1,15.45,15.5,14.99,0.35,2.32,2760,42647.55
20151218,GDEA,14,15.1,15.1,15.1,1.1,7.86,1000,15100
20151217,GDEA,15.2,14,14,14,-1.2,-7.89,1000,14000
20151211,GDEA,15,15.2,15.2,15.2,0.2,1.33,300,4560
20151202,GDEA,15.3,15,15,15,-0.3,-1.96,300,4500
20151201,GDEA,15,15.3,15.3,15.3,0.3,2,100,1530
20151130,GDEA,15,15,15,15,0,0,100,1500
20151127,GDEA,15,15,15,15,0,0,100,1500
20151126,GDEA,15.3,15,15,15,-0.3,-1.96,700,10500
20151125,GDEA,14.99,15.3,15.3,15.3,0.31,2.07,200,3060
20151124,GDEA,14.95,14.99,15,14.99,0.04,0.27,300,4498
20151123,GDEA,14.69,14.95,14.95,14.95,0.26,1.77,2000,29900
20151120,GDEA,14.91,14.69,15.1,14,-0.22,-1.48,800,11750
20151112,GDEA,15.29,14.91,16.82,14.5,-0.38,-2.49,2900,43228
20151111,GDEA,15,15.29,16.5,13.5,0.29,1.93,1105,16897.5
20151110,GDEA,15,15,15,15,0,0,300,4500
20151109,GDEA,15.44,15,15,15,-0.44,-2.85,700,10500
20151106,GDEA,16.46,15.44,16,14.99,-1.02,-6.2,2710,41845
20151105,GDEA,14.96,16.46,16.46,16.46,1.5,10.03,800,13168
20151104,GDEA,15.75,14.96,15,14.9,-0.79,-5.02,10000,149551.5
20151103,GDEA,14.98,15.75,16.48,13.48,0.77,5.14,1116,17574.98
20151102,GDEA,14.99,14.98,15,14.9,-0.01,-0.07,25000,374500
20151028,GDEA,15,14.99,15,14.95,-0.01,-0.07,7283,109169.34
20151027,GDEA,15.5,15,15,14.99,-0.5,-3.23,2283,34242.17
20151026,GDEA,15,15.5,15.5,15.5,0.5,3.33,2200,34100
20151023,GDEA,15,15,15,14.9,0,0,20500,307455
20151022,GDEA,15,15,15.2,15,0,0,58539,878125
20151021,GDEA,15,15,15,15,0,0,1661,24915
20151019,GDEA,15.27,15,15,15,-0.27,-1.77,3549,53235
20151016,GDEA,15.5,15.27,15.5,15,-0.23,-1.48,25260,385654.5
20151015,GDEA,15.98,15.5,15.5,15.5,-0.48,-3,10000,155000
20151013,GDEA,16.5,15.98,15.98,15.98,-0.52,-3.15,2,31.96
20150923,GDEA,15.92,16.5,16.5,16.5,0.58,3.64,30000,495000
20150922,GDEA,15.5,15.92,16.07,14,0.42,2.71,697541,10879530
20150921,GDEA,16.2,15.5,15.5,15.5,-0.7,-4.32,1500,23250
20150918,GDEA,18,16.2,16.2,16.2,-1.8,-10,4700,76140
20150916,GDEA,19.63,18,18,18,-1.63,-8.3,70000,1260000
20150915,GDEA,18.26,19.63,19.63,16.43,1.37,7.5,2401,47128.43
20150914,GDEA,18.53,18.26,20.36,16.68,-0.27,-1.46,1161,21205.48
20150911,GDEA,16.93,18.53,18.6,15.25,1.6,9.45,1020,18905
20150910,GDEA,16.94,16.93,18.63,16.7,-0.01,-0.06,10160,171988
20150909,GDEA,15.53,16.94,17.08,15.6,1.41,9.08,3100,52504
20150907,GDEA,16.2,15.53,16.49,15.5,-0.67,-4.14,252777,3980792.73
20150902,GDEA,18,16.2,16.2,16.2,-1.8,-10,29021,470140.2
20150901,GDEA,19.4,18,18,18,-1.4,-7.22,100000,1800000
20150831,GDEA,17.69,19.4,19.4,19.4,1.71,9.67,399,7740.6
20150828,GDEA,16.08,17.69,17.69,17.69,1.61,10.01,200,3538
20150826,GDEA,16.6,16.08,16.5,14.96,-0.52,-3.13,216100,3462810
20150825,GDEA,18.27,16.6,20,16.5,-1.67,-9.14,10300,171000
20150824,GDEA,17.48,18.27,19.2,16.43,0.79,4.52,299,5463.8
20150821,GDEA,16.41,17.48,18.05,16.35,1.07,6.52,300,5245
20150820,GDEA,15.51,16.41,17.06,16.39,0.9,5.8,8118,133199.42
20150819,GDEA,15.72,15.51,16.46,15.5,-0.21,-1.34,150700,2406192
20150818,GDEA,16.5,15.72,16.47,14.85,-0.78,-4.73,131800,2072170
20150817,GDEA,16.5,16.5,16.5,16.48,0,0,126833,2092691.36
20150814,GDEA,16.5,16.5,16.5,16.5,0,0,25000,412500
20150813,GDEA,16.18,16.5,16.5,16.5,0.32,1.98,5000,82500
20150812,GDEA,16.48,16.18,16.48,16,-0.3,-1.82,150800,2419904
20150806,GDEA,16.5,16.48,16.49,16.48,-0.02,-0.12,28354,467388.62
20150805,GDEA,16.46,16.5,16.5,16.5,0.04,0.24,12160,200640
20150804,GDEA,16.3,16.46,16.48,16.44,0.16,0.98,6030,99272.4
20150803,GDEA,15.2,16.3,16.3,16.3,1.1,7.24,723,11784.9
20150731,GDEA,15.14,15.2,15.2,15.2,0.06,0.4,10,152
20150730,GDEA,14.81,15.14,16.29,14.5,0.33,2.23,51300,776517
20150729,GDEA,16.45,14.81,14.81,14.81,-1.64,-9.97,200,2962
20150728,GDEA,16.45,16.45,16.45,16.45,0,0,1600,26320
20150727,GDEA,16.42,16.45,16.48,16.42,0.03,0.18,6000,98700
20150724,GDEA,15.56,16.42,16.5,16,0.86,5.53,12000,197000
20150723,GDEA,15.84,15.56,16,15,-0.28,-1.77,11900,185200
20150722,GDEA,15.53,15.84,15.88,15.8,0.31,2,4500,71270
20150721,GDEA,16.01,15.53,15.55,15.5,-0.48,-3,5000,77655
20150715,GDEA,16.01,16.01, , ,0,0,1800000,27972000
20150714,GDEA,15.52,16.01,17.07,15.2,0.49,3.16,947,15161.1
20150713,GDEA,15.19,15.52,16.7,15.39,0.33,2.17,10000,155210
20150710,GDEA,15.99,15.19,15.19,14.4,-0.8,-5,81810,1242686
20150709,GDEA,15,15.99,15.99,15.99,0.99,6.6,90,1439.1
20150708,GDEA,16,15,15,15,-1,-6.25,7603,114045
20150707,GDEA,15.24,16,16,16,0.76,4.99,300,4800
20150706,GDEA,15.5,15.24,15.5,14.5,-0.26,-1.68,85959,1309905.5
20150703,GDEA,15.44,15.5,15.75,15.5,0.06,0.39,257540,3991880
20150702,GDEA,15.5,15.44,17,14.4,-0.06,-0.39,342340,5287140
20150701,GDEA,16,15.5,15.5,15.5,-0.5,-3.12,95000,1472500
20150630,GDEA,15.28,16,16,16,0.72,4.71,13000,208000
20150629,GDEA,14,15.28,15.3,12.6,1.28,9.14,40444,618105.6
20150626,GDEA,15.49,14,14,14,-1.49,-9.62,25,350
20150625,GDEA,14.91,15.49,16.4,13.42,0.58,3.89,140672,2178957.71
20150624,GDEA,14.72,14.91,15,13.25,0.19,1.29,211,3145.75
20150623,GDEA,16.35,14.72,14.72,14.72,-1.63,-9.97,15,220.8
20150619,GDEA,18.17,16.35,16.35,16.35,-1.82,-10.02,2030,33190.5
20150618,GDEA,17.47,18.17,19.21,16.6,0.7,4.01,493369,8417810.96
20150617,GDEA,17.72,17.47,19,17,-0.25,-1.41,477909,8045447.34
20150616,GDEA,17.22,17.72,18.8,16.7,0.5,2.9,418,7406
20150615,GDEA,17.87,17.22,17.48,16.08,-0.65,-3.64,9202,158480.86
20150612,GDEA,16.99,17.87,17.99,16.97,0.88,5.18,9020,161229.4
20150611,GDEA,17.71,16.99,16.99,16.99,-0.72,-4.07,92,1563.08
20150610,GDEA,18,17.71,19.8,17,-0.29,-1.61,67,1186.6
20150609,GDEA,19.8,18,21.78,17.82,-1.8,-9.09,141378,2526798.06
20150608,GDEA,18,19.8,19.8,19,1.8,10,125001,2475019
20150604,GDEA,17.66,18,18,18,0.34,1.93,8826,158868
20150603,GDEA,16.5,17.66,18,17.5,1.16,7.03,4459,78762
20150602,GDEA,18.22,16.5,16.5,16.5,-1.72,-9.44,17,280.5
20150601,GDEA,16.56,18.22,18.22,18.22,1.66,10.02,16,291.52
20150529,GDEA,17,16.56,17,16.4,-0.44,-2.59,1155,19254.6
20150528,GDEA,17.3,17,19.03,16,-0.3,-1.73,1070,18186.09
20150527,GDEA,19.1,17.3,21.01,17.19,-1.8,-9.42,350,6054.7
20150526,GDEA,20.97,18.96,23.07,18.87,-2.01,-9.59,2161,40832.67
20150525,GDEA,19.06,20.97,20.97,17.15,1.91,10.02,1571,26984.67
20150522,GDEA,21.17,19.06,23,19.05,-2.11,-9.97,401,7643
20150521,GDEA,23.52,21.17,21.17,21.17,-2.35,-9.99,12,254.04
20150520,GDEA,22.6,23.52,24.8,20.34,0.92,4.07,6635,137015.65
20150519,GDEA,24.2,22.6,26.62,21.8,-1.6,-6.61,1200,27124
20150515,GDEA,26.8,24.2,24.2,24.2,-2.6,-9.7,200,4840
20150512,GDEA,29.68,26.8,26.8,26.8,-2.88,-9.7,100,2680
20150511,GDEA,32.98,29.68,29.68,29.68,-3.3,-10.01,100,2968
20150506,GDEA,29.98,32.98,32.98,32.98,3,10.01,2,65.96
20150505,GDEA,28.39,29.98,30,26,1.59,5.6,48300,1447800
20150504,GDEA,25.81,28.39,28.39,28.39,2.58,10,2000,56780
20150430,GDEA,23.46,25.81,25.81,25,2.35,10.02,1201,30997
20150429,GDEA,26.02,23.46,23.5,23.42,-2.56,-9.84,380,8914
20150428,GDEA,23.65,26.02,26.02,26.02,2.37,10.02,800,20816
20150427,GDEA,23.82,23.65,26.2,21.44,-0.17,-0.71,28,662.2
20150424,GDEA,21.65,23.82,23.82,21.65,2.17,10.02,1529,33319.85
20150423,GDEA,21.8,21.65,23.98,19.62,-0.15,-0.69,1171,23485.14
20150422,GDEA,19.82,21.8,21.8,17.84,1.98,9.99,26690,477515.66
20150421,GDEA,18.19,19.82,20.01,16.37,1.63,8.96,4276,70043.51
20150420,GDEA,20.21,18.19,18.19,18.19,-2.02,-10,5,90.95
20150417,GDEA,20.97,20.21,22.89,18.87,-0.76,-3.62,1022,19337.4
20150416,GDEA,19.06,20.97,20.97,17.15,1.91,10.02,100451,1722772.85
20150415,GDEA,20.14,19.06,22.1,18.13,-1.08,-5.36,3898,71145.44
20150414,GDEA,22.38,20.14,20.7,20.14,-2.24,-10.01,15328,308780.6
20150413,GDEA,24.87,22.38,22.38,22.38,-2.49,-10.01,5000,111900
20150410,GDEA,27.63,24.87,24.87,24.87,-2.76,-9.99,5926,147379.62
20150409,GDEA,30.7,27.63,27.63,27.63,-3.07,-10,50,1381.5
20150408,GDEA,34.11,30.7,30.7,30.7,-3.41,-10,152,4666.4
20150407,GDEA,31.01,34.11,34.11,34.11,3.1,10,5,170.55
20150403,GDEA,28.19,31.01,31.01,31.01,2.82,10,5,155.05
20150402,GDEA,30.98,28.19,34.08,27.9,-2.79,-9.01,3215,108334.4
20150401,GDEA,28.16,30.98,30.98,25.34,2.82,10.01,610,15513.8
20150331,GDEA,29.89,28.16,32.88,26.9,-1.73,-5.79,10,281.56
20150330,GDEA,32.54,29.89,29.89,29.89,-2.65,-8.14,500,14945
20150327,GDEA,29.58,32.54,32.54,32.54,2.96,10.01,10,325.4
20150326,GDEA,28.82,29.58,31.7,29.49,0.76,2.64,58500,1730690
20150325,GDEA,26.2,28.82,28.82,23.58,2.62,10,728,19409
20150324,GDEA,24.62,26.2,27,22.17,1.58,6.42,145,3800.4
20150323,GDEA,23.31,24.62,25.6,20.98,1.31,5.62,5967,144095.53
20150320,GDEA,21.29,23.31,23.31,23.3,2.02,9.49,2600,60595
20150319,GDEA,20.2,21.29,22.2,20.98,1.09,5.4,103353,1889458.14
20150318,GDEA,20.61,20.2,20.2,20.2,-0.41,-1.99,2626,53045.2
20150317,GDEA,20.7,20.61,21.1,20.6,-0.09,-0.43,846,17437.7
20150316,GDEA,20.98,20.7,20.98,20.5,-0.28,-1.33,10000,207040
20150313,GDEA,20.89,20.98,20.98,20.98,0.09,0.43,2000,41960
20150310,GDEA,21,20.89,21.6,20.88,-0.11,-0.52,3001,62681.6
20150309,GDEA,20.98,21,21.6,20.99,0.02,0.1,1010,21206
20150306,GDEA,20.98,20.98,20.98,20.98,0,0,3000,62940
20150305,GDEA,20.88,20.98,20.98,20.98,0.1,0.48,1015,21294.7
20150303,GDEA,20.88,20.88,20.88,20.88,0,0,500,10440
20150227,GDEA,20.8,20.88,20.88,20.88,0.08,0.38,2000,41760
20150226,GDEA,20.8,20.8,20.8,20.8,0,0,584,12147.2
20150212,GDEA,20.8,20.8,20.8,20.8,0,0,1000,20800
20150206,GDEA,20.8,20.8,20.8,20.8,0,0,2000,41600
20150204,GDEA,20.69,20.8,20.98,20.8,0.11,0.53,4000,83202.16
20150202,GDEA,20.68,20.69,21,20.69,0.01,0.05,1510,31245
20150130,GDEA,20.66,20.68,20.68,20.68,0.02,0.1,500,10340
20150128,GDEA,20.66,20.66,20.66,20.66,0,0,3,61.98
20150121,GDEA,20.6,20.66,21.6,20.66,0.06,0.29,1913,39525.4
20150116,GDEA,21.46,20.6,20.6,20.6,-0.86,-4.01,500,10300
20150113,GDEA,23.8,21.46,21.46,21.46,-2.34,-9.83,1,21.46
20150112,GDEA,26.44,23.8,23.8,23.8,-2.64,-9.98,1,23.8
20150109,GDEA,29.36,26.44,26.46,26.42,-2.92,-9.95,5,132.22
20150108,GDEA,32.57,29.36,29.36,29.36,-3.21,-9.86,5,146.8
20150107,GDEA,32.21,32.57,32.6,32.5,0.36,1.12,496,16156
20141229,GDEA,29.36,32.21,32.3,27.47,2.85,9.71,1295,35924.47
20141226,GDEA,32.6,29.36,29.36,29.36,-3.24,-9.94,68,1996.48
20141218,GDEA,30.49,32.6,32.6,32.6,2.11,6.92,15,489
20141217,GDEA,28.2,30.49,31,25.38,2.29,8.12,11,335.38
20141216,GDEA,28.5,28.2,31.2,25.8,-0.3,-1.05,36,1015.2
20141215,GDEA,31.6,28.5,28.5,28.5,-3.1,-9.81,1,28.5
20141211,GDEA,29.8,31.6,31.6,31.6,1.8,6.04,22,695.2
20141210,GDEA,27.8,29.8,29.8,29.8,2,7.19,12,357.6
20141209,GDEA,26.02,27.8,27.8,27.8,1.78,6.84,10,278
20141205,GDEA,24.19,26.02,26.5,24.2,1.83,7.57,12,312.2
20141204,GDEA,22.6,24.19,24.5,24.1,1.59,7.04,13,314.5
20141203,GDEA,20.55,22.6,22.6,22.6,2.05,9.98,50,1130
20141202,GDEA,21.55,20.55,23.5,20.5,-1,-4.64,40351,829248.5
20141201,GDEA,21,21.55,23,21,0.55,2.62,440,9480
20141128,GDEA,22.8,21,21,21,-1.8,-7.89,2,42
20141125,GDEA,22.6,22.8,22.8,22.8,0.2,0.88,15,342
20141124,GDEA,23.9,22.6,22.6,22.6,-1.3,-5.44,1000,22600
20141120,GDEA,24.16,23.9,23.9,23.9,-0.26,-1.08,3335,79706.5
20141118,GDEA,23.6,24.16,25.96,23.8,0.56,2.37,6000,144960
20141117,GDEA,26,23.6,23.6,23.6,-2.4,-9.23,1000,23600
20141113,GDEA,26,26,26,26,0,0,2000,52000
20141107,GDEA,26,26,26,26,0,0,1,26
20141106,GDEA,26,26,26,26,0,0,1000,26000
20141105,GDEA,26,26,26,26,0,0,1000,26000
20141030,GDEA,26,26,26,26,0,0,1,26
20141027,GDEA,23.8,26,26,26,2.2,9.24,1000,26000
20141023,GDEA,24.89,23.8,23.8,23.8,-1.09,-4.38,579,13780.2
20141022,GDEA,26.1,24.89,25,23.5,-1.21,-4.64,5100,126950
20141021,GDEA,26.9,26.1,26.1,26.1,-0.8,-2.97,10,261
20141017,GDEA,25.2,26.9,26.9,26.9,1.7,6.75,50,1345
20141016,GDEA,26.65,25.2,26.61,23.99,-1.45,-5.44,300,7561
20141015,GDEA,26.5,26.65,27.1,26,0.15,0.57,790,21050
20141014,GDEA,28.52,26.5,27,25.8,-2.02,-7.08,5380,142560
20141013,GDEA,31.35,28.52,29,28.5,-2.83,-9.03,630,17970
20141009,GDEA,34.83,31.35,31.35,31.35,-3.48,-9.99,19,595.65
20141008,GDEA,38.7,34.83,34.83,34.83,-3.87,-10,500,17415
20140911,GDEA,43,38.7,38.7,38.7,-4.3,-10,24487,947646.9
20140902,GDEA,43.65,43,43,43,-0.65,-1.49,710,30530
20140822,GDEA,48.5,43.65,43.65,43.65,-4.85,-10,10,436.5
20140820,GDEA,52.01,48.5,48.5,48.5,-3.51,-6.75,189,9166.5
20140818,GDEA,52.07,52.01,53.5,50,-0.06,-0.12,9456,491788
20140815,GDEA,50.79,52.07,53,51.7,1.28,2.52,10740,559276
20140814,GDEA,51.65,50.79,52,50,-0.86,-1.67,9879,501708
20140813,GDEA,50.96,51.65,52.3,49.5,0.69,1.35,10348,534487
20140812,GDEA,50.85,50.96,51.6,48.5,0.11,0.22,10092,514277.4
20140811,GDEA,52.12,50.85,51.2,49.5,-1.27,-2.44,10158,516548
20140808,GDEA,48.99,52.12,52.8,50.8,3.13,6.39,10589,551941.1
20140807,GDEA,54,48.99,52,48.6,-5.01,-9.28,11032,540798
20140806,GDEA,60,54,54,54,-6,-10,5,270
20140805,GDEA,57.84,60,60,60,2.16,3.73,1631,97860
20140804,GDEA,63.99,57.84,70.39,57.59,-6.15,-9.61,2833,193561.85
20140801,GDEA,58.17,63.99,63.99,52.35,5.82,10.01,2830,148266.9
20140729,GDEA,64.63,58.17,71.09,58.17,-6.46,-10,1993,141540.25
20140728,GDEA,58.75,64.63,64.63,64.63,5.88,10.01,10,646.3
20140725,GDEA,53.41,58.75,58.75,58.75,5.34,10,3000,176250
20140724,GDEA,48.55,53.41,53.41,53.41,4.86,10.01,11,587.51
20140723,GDEA,44.14,48.55,48.55,39.73,4.41,9.99,5001,198834.45
20140718,GDEA,44.35,44.14,45.2,42,-0.21,-0.47,631,27854.7
20140716,GDEA,44.99,44.35,45.3,42,-0.64,-1.42,1402,62184
20140715,GDEA,46,44.99,45,41.5,-1.01,-2.2,97008,4364501
20140714,GDEA,50.5,46,46,46,-4.5,-8.91,30869,1419974
20140713,GDEA,46.02,50.5,50.6,46,4.48,9.73,102508,4727627
20140712,GDEA,46.5,46.02,51.1,41.85,-0.48,-1.03,112233,5009031.1
20140711,GDEA,50.6,46.5,55,45.55,-4.1,-8.1,104112,5258883
20140710,GDEA,55,50.6,60,50,-4.4,-8,44270,2654436.5
20140709,GDEA,57.88,55,60,54,-2.88,-4.98,42838,2570230
20140708,GDEA,60.91,57.88,60.05,54.82,-3.03,-4.97,72523,4197716.8
20140707,GDEA,67.68,60.91,60.91,60.91,-6.77,-10,2,121.82
20140704,GDEA,61.58,67.68,67.73,58,6.1,9.91,94,5558.47
20140703,GDEA,59.54,61.58,65.2,58,2.04,3.43,4,246.3
20140702,GDEA,58,59.54,60,58,1.54,2.66,4077,242726
20140701,GDEA,62.41,58,68.65,58,-4.41,-7.07,2776,161018.65
20140630,GDEA,68,62.41,64.43,61.2,-5.59,-8.22,8,499.29
20140627,GDEA,71,68,72,64,-3,-4.23,6,408
20140626,GDEA,68.66,71,71,71,2.34,3.41,4,284
20140625,GDEA,67.52,68.66,68.66,68.66,1.14,1.69,5,343.3
20140624,GDEA,65.35,67.52,67.52,67.52,2.17,3.32,5,337.6
20140623,GDEA,63.51,65.35,65.35,65.35,1.84,2.9,4,261.4
20140620,GDEA,63,63.51,63.51,63.51,0.51,0.81,5,317.55
20140619,GDEA,60.22,63,63,63,2.78,4.62,6,378
20140618,GDEA,60.28,60.22,64.68,60.2,-0.06,-0.1,1005,60523.4
20140617,GDEA,63.32,60.28,62.3,60,-3.04,-4.8,66,3978.8
20140616,GDEA,66.82,63.32,64.9,60.18,-3.5,-5.24,15,949.78
20140613,GDEA,65.16,66.82,66.82,66.82,1.66,2.55,5,334.1
20140611,GDEA,63.5,65.16,65.16,65.16,1.66,2.61,7,456.12
20140610,GDEA,62.5,63.5,63.5,63.5,1,1.6,172600,10356017.5
20140609,GDEA,68.5,62.5,62.5,62.5,-6,-8.76,6,375
20140606,GDEA,66.33,68.5,68.5,60,2.17,3.27,90007,5400479.5
20140605,GDEA,63.5,66.38,68.6,60,2.88,4.54,188050,11284047.68
20140603,GDEA,61.18,63.5,63.5,63.5,2.32,3.79,6,381
20140530,GDEA,65.18,61.18,61.18,61.18,-4,-6.14,5,305.9
20140529,GDEA,63.02,65.18,65.18,65.18,2.16,3.43,5,325.9
20140528,GDEA,70.02,63.02,63.02,63.02,-7,-10,7,441.14
20140523,GDEA,73,70.02,70.02,70.02,-2.98,-4.08,6,420.12
20140522,GDEA,74.7,73,73,73,-1.7,-2.28,5,365
20140521,GDEA,77,74.7,74.7,74.7,-2.3,-2.99,5,373.5
20140520,GDEA,74.6,77,77,77,2.4,3.22,4,308
20140519,GDEA,71.2,74.6,74.6,74.6,3.4,4.78,5,373
20140516,GDEA,69.5,71.2,71.2,71.2,1.7,2.45,7,498.4
20140515,GDEA,67.8,69.5,69.5,69.5,1.7,2.51,8,556
20140514,GDEA,65.12,67.8,67.8,67.8,2.68,4.12,14,949.2
20140509,GDEA,62.1,65.12,65.12,65.12,3.02,4.86,12,781.44
20140508,GDEA,66.8,62.1,62.1,62.1,-4.7,-7.04,16,993.6
20140505,GDEA,68.2,66.8,66.8,66.8,-1.4,-2.05,18,1202.4
20140504,GDEA,70.88,68.2,68.2,68.2,-2.68,-3.78,15,1023
20140430,GDEA,71.6,70.88,70.88,70.88,-0.72,-1.01,10,708.8
20140425,GDEA,67,71.6,71.6,71.6,4.6,6.87,4,286.4
20140424,GDEA,61,67,67,67,6,9.84,5,335
20140423,GDEA,65.8,61,61,61,-4.8,-7.29,6,366
20140422,GDEA,62,65.8,65.8,65.8,3.8,6.13,5,329
20140421,GDEA,63.8,62,62,62,-1.8,-2.82,4,248
20140418,GDEA,60,63.8,63.8,63.8,3.8,6.33,5,319
20140416,GDEA,63.3,60,60,60,-3.3,-5.21,6,360
20140415,GDEA,61.8,63.3,63.3,63.3,1.5,2.43,5,316.5
20140414,GDEA,60,61.8,61.8,61.8,1.8,3,4,247.2
20140411,GDEA,60.8,60,60,60,-0.8,-1.32,6,360
20140408,GDEA,62,60.8,60.8,60.8,-1.2,-1.94,8,486.4
20140401,GDEA,60,62,62,62,2,3.33,10,620
20140331,GDEA,61.5,60,60,60,-1.5,-2.44,18,1080
20140328,GDEA,60,61.5,61.5,61.5,1.5,2.5,75,4612.5
20140327,GDEA,65,60,60,60,-5,-7.69,16,960
20140326,GDEA,60,65,65,65,5,8.33,8,520
20140325,GDEA,65,60,60,60,-5,-7.69,35,2100
20140324,GDEA,63,65,65,65,2,3.17,12,780
20140321,GDEA,65,63,63,63,-2,-3.08,48,3024
20140320,GDEA,66,65,65,65,-1,-1.52,6,390
20140319,GDEA,65,66,66,66,1,1.54,10,660
20140318,GDEA,65,65,65,65,0,0,100,6500
20140317,GDEA,63,65,65,65,2,3.17,100,6500
20140314,GDEA,60,63,63,63,3,5,200,12600
