place,date,open,change,high,low,vol,amount,close
HBEA,20210831,40.26,-0.0618,42.98,38.62,2085,85750.33,42.91
HBEA,20210830,42.91,0.0101,43.48,40,7271,306110.24,42.48
HBEA,20210827,42.48,-0.0077,44.4,40.2,2174,90151.5,42.81
HBEA,20210826,42.81,0.0012,44.87,38.51,12793,499590.93,42.76
HBEA,20210825,42.76,-0.009,43.88,41.66,3437,145295.1,43.15
HBEA,20210824,43.15,0.0037,43.97,41.25,4932,208245.36,42.99
HBEA,20210823,42.99,0.0044,44.96,42,2046,88017.9,42.8
HBEA,20210820,42.8,-0.0047,43.88,41,3220,135615,43
HBEA,20210819,43,-0.0216,47.4,42.21,7665,330015.72,43.95
HBEA,20210818,43.95,0.0048,45.66,43,4350,190499.89,43.74
HBEA,20210817,43.74,0.0021,44.98,41,1683,72126.49,43.65
HBEA,20210816,43.65,0.0018,44.99,42.01,3491,149800.17,43.57
HBEA,20210813,43.57,-0.0134,45,41,2347,99980.11,44.16
HBEA,20210812,44.16,-0.007,45.98,43.6,21494,942537.99,44.47
HBEA,20210811,44.47,-0.0051,46.5,43.1,13676,603809.52,44.7
HBEA,20210810,44.7,0.0009,48.65,44.03,5490,249650.11,44.66
HBEA,20210809,44.66,0.0391,46.1,43.2,3169,139399.98,42.98
HBEA,20210806,42.98,0.0019,45.2,42.06,5535,237615.12,42.9
HBEA,20210805,42.9,0.0106,44.19,38.88,7316,302812.62,42.45
HBEA,20210804,42.45,0.0026,44.49,40,3028,128011.95,42.34
HBEA,20210803,42.34,0.0014,44.98,41.5,14577,610040.64,42.28
HBEA,20210802,42.28,0.0528,44.06,41,6166,262185.14,40.16
HBEA,20210730,40.16,-0.0546,46.46,40.02,87414,3827302.26,42.48
HBEA,20210729,42.48,0.0239,44.23,37.52,23454,953808.35,41.49
HBEA,20210728,41.49,0.0921,41.49,37,18065,710013.13,37.99
HBEA,20210727,37.99,0.0323,40.38,35.01,7223,270604.03,36.8
HBEA,20210726,36.8,0.056,37.99,32.32,5503,196637.22,34.85
HBEA,20210723,34.85,1.07%,36.98,34.05,8766,302340.31,34.48
HBEA,20210722,34.48,2.99%,36.45,33.6,521,18174.76,33.48
HBEA,20210721,33.48,-0.21%,36.3,31,1357,44524.12,33.55
HBEA,20210720,33.55,2.54%,33.78,33,582,19604.79,32.72
HBEA,20210719,32.72,-1.92%,34,31.33,10980,362764.81,33.36
HBEA,20210716,33.36,2.84%,34.25,32,1753,58994.02,32.44
HBEA,20210715,32.44,2.37%,32.48,31.8,3220,103920.18,31.69
HBEA,20210714,31.69,-1.25%,32.4,31.6,2645,83991.06,32.09
HBEA,20210713,32.09,-0.65%,32.3,31.13,409,12997.99,32.3
HBEA,20210712,32.3,-0.28%,32.99,29.23,18813,567904.97,32.39
HBEA,20210709,32.39,3.68%,32.99,31.05,4488,144242.06,31.24
HBEA,20210708,31.24,-1.08%,33.74,31.24,26,819.94,31.58
HBEA,20210707,31.58,-2.62%,34.7,31.4,6043,199960.89,32.43
HBEA,20210706,32.43,2.92%,34.65,31.3,36883,1176598.54,31.51
HBEA,20210705,31.51,-0.76%,34,31.21,4138,131627.92,31.75
HBEA,20210702,31.75,-3.76%,32.98,31.57,172,5510.72,32.99
HBEA,20210701,32.99,5.64%,32.99,32.45,290,9566.56,31.23
HBEA,20210630,31.23,-2.80%,35.3,29.33,9783,323011.08,32.13
HBEA,20210629,32.13,0.66%,34.98,30.13,17104,553095.07,31.92
HBEA,20210628,31.92,0.98%,32.88,31.4,7484,235355.82,31.61
HBEA,20210625,31.61,1.02%,33.86,31.22,6904,216852.18,31.29
HBEA,20210624,31.29,-2.16%,34.95,29.53,11441,355206.67,31.98
HBEA,20210623,31.98,2.90%,34.17,28.77,872,28627.84,31.08
HBEA,20210622,31.08,-1.86%,31.99,31.02,379,11767.29,31.67
HBEA,20210621,31.67,-3.91%,35.2,30.51,94951,3341487.17,32.96
HBEA,20210618,32.96,3.03%,34.5,31,12302,392884.08,31.99
HBEA,20210617,31.99,1.59%,32.48,31,5392,167828.45,31.49
HBEA,20210616,31.49,-1.78%,35.25,28.91,51106,1575446.25,32.06
HBEA,20210615,32.06,4.91%,32.46,27.67,2256,71101.31,30.56
HBEA,20210611,30.56,0.89%,32,30.31,5728,179753.55,30.29
HBEA,20210610,30.29,-1.01%,31,28.02,10234,314945.84,30.6
HBEA,20210609,30.6,1.56%,33.14,30.5,6425,206955.64,30.13
HBEA,20210608,30.13,-0.10%,32.98,27.21,22101,604326.51,30.16
HBEA,20210607,30.16,-2.01%,30.8,30.15,6523,198008.59,30.78
HBEA,20210604,30.78,-0.16%,30.81,30.09,13432,407213.69,30.83
HBEA,20210603,30.83,1.82%,32.99,30.22,3530,106882.55,30.28
HBEA,20210602,30.28,-2.26%,33.99,29.08,10416,302954.73,30.98
HBEA,20210601,30.98,-6.23%,34.4,30,108689,3691517.11,33.04
HBEA,20210531,33.04,9.91%,33.04,29.86,22840,691981.05,30.06
HBEA,20210528,30.06,-0.30%,32.8,30.06,10711,322838,30.15
HBEA,20210527,30.15,0.47%,32.99,29.71,3172,95837.63,30.01
HBEA,20210526,30.01,-1.19%,33.4,29.07,26937,812621.66,30.37
HBEA,20210525,30.37,-0.52%,31.99,30.13,8369,254114.07,30.53
HBEA,20210524,30.53,0.63%,33.37,30.02,5276,168953.97,30.34
HBEA,20210521,30.34,1.00%,32.99,27.1,8076,235345.41,30.04
HBEA,20210520,30.04,-4.60%,33.99,28.34,771,23847.84,31.49
HBEA,20210519,31.49,5.78%,31.98,29.72,37,1125.08,29.77
HBEA,20210518,29.77,-0.73%,32.95,27.01,2718,81306.49,29.99
HBEA,20210517,29.99,-3.32%,31.96,29.57,968,28689.05,31.02
HBEA,20210514,31.02,3.82%,32.76,29.31,619,18617.2,29.88
HBEA,20210513,29.88,-0.27%,32.92,28.88,175,5139.07,29.96
HBEA,20210512,29.96,-0.70%,33.15,27.15,98,3062.87,30.17
HBEA,20210511,30.17,-6.71%,33.97,29.5,1589,47896.73,32.34
HBEA,20210510,32.34,6.03%,33.5,29,1051,32236.63,30.5
HBEA,20210507,30.5,-1.58%,33.98,27.89,764,22377.76,30.99
HBEA,20210506,30.99,3.30%,32.98,29.6,948,29343.55,30
HBEA,20210430,30,3.13%,31.9,26.82,4258,114844.3,29.09
HBEA,20210429,29.09,-2.71%,30.98,28.05,1884,54689.29,29.9
HBEA,20210428,29.9,0.20%,29.9,29,511,14909.17,29.84
HBEA,20210427,29.84,0.27%,32.73,29,672,20127.79,29.76
HBEA,20210426,29.76,0.40%,32.58,26.89,2744,79452.15,29.64
HBEA,20210423,29.64,2.74%,29.8,28.9,29,859.6,28.85
HBEA,20210422,28.85,-4.47%,30.95,28.81,1284,37427.51,30.2
HBEA,20210421,30.2,2.51%,32.4,29.21,21,634.3,29.46
HBEA,20210420,29.46,-0.14%,30.99,29,171,4993.49,29.5
HBEA,20210419,29.5,-2.06%,33.11,28.99,771,22411.01,30.12
HBEA,20210416,30.12,-1.57%,31,29.16,28,844.08,30.6
HBEA,20210415,30.6,3.38%,32.55,29,594,17416.17,29.6
HBEA,20210414,29.6,2.64%,31.66,28.65,1165,33594.33,28.84
HBEA,20210413,28.84,-5.75%,33.63,28.41,51,1540.2,30.6
HBEA,20210412,30.6,-9.89%,33.88,30.56,5194,160613.25,33.96
HBEA,20210409,33.96,5.11%,33.96,33.96,1,33.96,32.31
HBEA,20210408,32.31,8.79%,32.38,29.4,43,1290.52,29.7
HBEA,20210407,29.7,3.45%,29.7,29.69,8,237.55,28.71
HBEA,20210406,28.71,-1.68%,32.06,28.7,3143,90252.7,29.2
HBEA,20210402,29.2,0.72%,31.4,26.09,111,3193.96,28.99
HBEA,20210401,28.99,0.35%,31.24,28,323,9486.5,28.89
HBEA,20210331,28.89,-2.86%,31,27.1,10245,292086.5,29.74
HBEA,20210330,29.74,-1.75%,30,28.12,921,26671.12,30.27
HBEA,20210329,30.27,-4.57%,34.88,28.56,1303,38982.75,31.72
HBEA,20210326,31.72,2.59%,31.81,27.88,171,5171.31,30.92
HBEA,20210324,31.57,-10.01%,37.88,31.57,354,12433.76,35.08
HBEA,20210323,35.08,9.63%,35.08,35.08,100,3508,32
"HBEA
",20210322,32,"-4.93%
","32.00
","30.29
","3073
","93261.29
","33.66
"
"HBEA
",20210319,33.66,"0.93%
","35.98
","30.02
","2074
","62938.08
","33.35
"
"HBEA
",20210318,33.35,"8.77%
","33.70
","27.60
","551
","15501.40
","30.66
"
"HBEA
",20210317,30.66,"-10.01%
","35.98
","30.66
","535
","17012.80
","34.07
"
"HBEA
",20210316,34.07,"1.25%
","37.00
","30.29
","1713
","52869.35
","33.65
"
"HBEA
",20210315,33.65,"-3.75%
","36.14
","31.50
","1164
","37390.78
","34.96
"
"HBEA
",20210312,34.96,"4.61%
","36.30
","30.08
","1136
","38995.88
","33.42
"
"HBEA
",20210311,33.42,"7.63%
","33.96
","28.10
","110
","3677.00
","31.05
"
"HBEA
",20210310,31.05,"3.60%
","31.98
","28.05
","249
","7732.52
","29.97
"
"HBEA
",20210309,29.97,"-2.79%
","29.99
","27.76
","1809
","52659.72
","30.83
"
"HBEA
",20210308,30.83,"2.77%
","32.97
","27.61
","7
","220.07
","30.00
"
"HBEA
",20210305,30,"-8.23%
","30.00
","29.42
","1350
","39912.37
","32.69
"
HBEA,20210304,32.69,-4.61%,37.68,30.84,772,25227.5,34.27
HBEA,20210303,35.96,9.50%,36.12,29.56,2010,59480.41,32.84
HBEA,20210302,32.84,9.50%,32.98,28,210,6896.9,29.99
HBEA,20210301,29.99,-0.03%,30,27.7,452,12625.9,30
HBEA,20210226,30,-9.06%,33,29.69,18296,548499.31,32.99
HBEA,20210225,32.99,-9.72%,33,32.89,14,461.89,36.54
HBEA,20210224,36.54,-0.05%,36.54,32.9,515,16966.7,36.56
HBEA,20210223,36.56,4.70%,38.39,31.43,3254,104607.03,34.92
HBEA,20210222,34.92,2.08%,34.99,30.79,2195,72906.57,34.21
HBEA,20210219,34.21,5.98%,35.5,29.06,6,206.56,32.28
HBEA,20210218,32.28,9.98%,32.28,32.28,5,161.4,29.35
HBEA,20210210,29.35,-0.31%,29.35,29.35,154,4519.9,29.44
HBEA,20210209,29.44,1.55%,29.88,26.87,1749,47023.66,28.99
HBEA,20210208,28.99,6.50%,28.99,28.99,5,144.95,27.22
HBEA,20210205,27.22,-8.23%,29.63,27.22,115,3285.15,29.66
HBEA,20210204,29.66,-0.13%,29.66,26.89,202,5445.63,29.7
HBEA,20210203,29.7,-0.80%,29.7,27.22,561,15282.82,29.94
HBEA,20210202,29.94,-3.39%,30,27.95,8347,248150.12,30.99
HBEA,20210201,30.99,7.12%,30.99,30.99,5,154.95,28.93
HBEA,20210129,28.93,-0.10%,28.94,26.56,150116,3987166.06,28.96
HBEA,20210128,28.96,-8.53%,28.96,28.49,30,857.05,31.66
HBEA,20210127,31.66,9.70%,31.66,31.66,5,158.3,28.86
HBEA,20210126,28.86,1.33%,28.86,28.86,5,144.3,28.48
HBEA,20210125,28.48,1.39%,28.48,28.48,5,142.4,28.09
HBEA,20210122,28.09,-2.67%,28.71,27.52,302,8315.08,28.86
HBEA,20210121,28.86,2.41%,28.86,27,13226,358180.64,28.18
HBEA,20210120,28.18,-2.25%,28.18,27,205,5540.9,28.83
HBEA,20210119,28.83,-0.03%,28.83,27.83,3572,99592.06,28.84
HBEA,20210118,28.84,1.34%,28.84,28.84,5,144.2,28.46
HBEA,20210115,28.46,1.68%,28.48,28.46,337,9591.12,27.99
HBEA,20210114,27.99,0.04%,27.99,27.99,350,9796.5,27.98
HBEA,20210113,27.98,0.00%,27.99,27.68,5041,139983.4,27.98
HBEA,20210112,27.98,0.65%,27.98,27.98,5,139.9,27.8
HBEA,20210111,27.8,-1.42%,27.99,27.5,1179,32667.23,28.2
HBEA,20210108,28.2,-0.42%,28.24,27.5,3401,94585.35,28.32
HBEA,20210107,28.32,-0.07%,28.33,28.31,7643,216438.77,28.34
HBEA,20210106,28.34,-0.04%,28.34,28.34,250,7085,28.35
HBEA,20210105,28.35,-0.04%,28.35,28.35,164,4649.4,28.36
HBEA,20210104,28.36,1.32%,28.38,28.36,5,141.82,27.99
HBEA,20201231,27.99,-1.03%,27.99,26.31,4256,116199.58,28.28
HBEA,20201230,28.28,0.46%,28.43,27,78072,2187035.28,28.15
HBEA,20201229,28.15,0.93%,28.41,26.52,44717,1249124.23,27.89
HBEA,20201228,27.89,0.18%,28.32,26.45,21038,582210.48,27.84
HBEA,20201225,27.84,1.31%,28.5,26.41,243365,6885156.29,27.48
HBEA,20201224,27.48,4.73%,27.94,26.31,52867,1431081.89,26.24
HBEA,20201223,26.24,-4.55%,27.3,26.01,62767,1673187.23,27.49
HBEA,20201222,27.49,0.81%,27.92,26.11,65826,1750047.17,27.27
HBEA,20201221,27.27,-1.84%,27.85,27.24,40836,1131441.02,27.78
HBEA,20201217,27.2,-2.26%,28,25.8,85914,2244260.02,27.83
HBEA,20201216,27.83,0.29%,27.93,27.01,22585,626723.39,27.75
HBEA,20201214,27.75,0.18%,27.95,25.61,234989,6435925.11,27.7
HBEA,20201211,27.7,0.47%,27.95,27.55,127157,3524296.57,27.57
HBEA,20201210,27.57,-0.29%,27.74,27.21,33502,918395.11,27.65
HBEA,20201209,27.65,-0.47%,30.5,27.5,386466,10789025.92,27.78
HBEA,20201208,27.78,-0.25%,27.99,27.68,462057,12821734.5,27.85
HBEA,20201207,27.85,0.29%,29.53,27.6,306971,8781842.72,27.77
HBEA,20201204,27.77,0.25%,27.99,27.03,76690,2120968.15,27.7
HBEA,20201203,27.7,0.04%,28,27.03,124296,3441752.51,27.69
HBEA,20201202,27.69,2.48%,28.48,27.45,234806,6633666.82,27.02
HBEA,20201201,27.02,-1.71%,27.78,27.02,97753,2687687.44,27.49
HBEA,20201130,27.49,-2.24%,27.99,27.45,58562,1621295.95,28.12
HBEA,20201127,28.12,0.29%,28.59,27.81,58037,1635137.99,28.04
HBEA,20201126,28.04,0.90%,28.1,27.5,118629,3312159.66,27.79
HBEA,20201125,27.79,1.94%,27.85,27.14,72081,1987332.14,27.26
HBEA,20201124,27.26,-0.94%,28.3,26.5,189598,5110752.61,27.52
HBEA,20201123,27.52,-1.68%,28.78,26.21,109369,3000692.41,27.99
HBEA,20201120,27.99,0.00%,28.6,27.5,61558,1719513.51,27.99
HBEA,20201119,27.99,-1.44%,28.5,27.8,97541,2736240.78,28.4
HBEA,20201118,28.4,-0.21%,28.95,27.5,76192,2130667.19,28.46
HBEA,20201117,28.46,-0.14%,28.89,25.8,37828,1045141.86,28.5
HBEA,20201116,28.5,-0.66%,29.48,28.4,207462,6046629.92,28.69
HBEA,20201113,28.69,-1.07%,29.19,27.46,78000,2239868.82,29
HBEA,20201112,29,0.94%,29.49,25.9,188315,5352241.62,28.73
HBEA,20201111,28.73,-2.25%,29.95,28.21,61887,1777042.31,29.39
HBEA,20201110,29.39,-0.58%,29.58,27.01,23419,638534.23,29.56
HBEA,20201109,29.56,-0.40%,30,28.7,8015,230193.85,29.68
HBEA,20201106,29.68,1.57%,30.2,29.67,1101,32679.2,29.22
HBEA,20201105,29.22,-0.58%,29.99,26.66,8518,230010.36,29.39
HBEA,20201104,29.39,-0.54%,29.88,26.77,23969,657960.63,29.55
HBEA,20201103,29.55,0.48%,29.98,27.01,15344,422628.81,29.41
HBEA,20201102,29.41,-0.81%,29.99,28.1,547,15829.57,29.65
HBEA,20201030,29.65,0.85%,32.32,28.7,62194,1963081.9,29.4
HBEA,20201029,29.4,1.66%,31.8,28.8,8752,254644.22,28.92
HBEA,20201028,28.92,-0.24%,30,28.9,69719,2023100.31,28.99
HBEA,20201027,28.99,-0.03%,29.55,28.7,40687,1174870.27,29
HBEA,20201026,29,0.00%,29,27,115910,3350610.86,29
HBEA,20201023,29,0.10%,29.5,28.91,23374,677315.3,28.97
HBEA,20201022,28.97,-0.52%,31.79,28.95,9021,261965.06,29.12
HBEA,20201021,29.12,0.07%,29.6,28.82,13504,393781.86,29.1
HBEA,20201020,29.1,0.69%,29.59,27.44,12617,364855.13,28.9
HBEA,20201019,28.9,0.35%,29.59,28.55,13598,390527.56,28.8
HBEA,20201016,28.8,-1.71%,29,28.45,22692,648454.92,29.3
HBEA,20201015,29.3,1.07%,29.47,29.3,502,14708.94,28.99
HBEA,20201014,28.99,0.24%,29.57,28.5,5236,150283.64,28.92
HBEA,20201013,28.92,-0.21%,29.57,28.4,9867,280263.19,28.98
HBEA,20201012,28.98,5.88%,29.76,28,3950,112243.78,27.37
HBEA,20201009,27.37,-5.26%,29.64,26.01,2131,58428.14,28.89
HBEA,20200930,28.89,-2.40%,29.98,28.89,315918,9301865.77,29.6
HBEA,20200929,29.6,0.65%,30,29.21,42154,1243943.47,29.41
HBEA,20200928,29.41,0.38%,30.37,28.01,57009,1667027.05,29.3
HBEA,20200925,29.3,0.24%,29.66,28.88,246890,7219985.54,29.23
HBEA,20200924,29.23,0.14%,29.91,29.2,151423,4447884.63,29.19
HBEA,20200923,29.19,0.34%,32,28.8,120060,3486004.49,29.09
HBEA,20200922,29.09,0.31%,30,27.61,57514,1671089.2,29
HBEA,20200921,29,0.00%,29.66,28.51,132692,3844392.83,29
HBEA,20200918,29,0.07%,29.98,26.51,118911,3435678.94,28.98
HBEA,20200917,28.98,1.65%,29.98,28.33,57223,1653486.17,28.51
HBEA,20200916,28.51,-1.69%,29.88,28.2,43749,1256557.63,29
HBEA,20200915,29,-0.41%,30.19,28.3,82476,2375478.53,29.12
HBEA,20200914,29.12,-0.55%,30.35,28.52,63099,1831914.96,29.28
HBEA,20200911,29.28,1.81%,31,28.5,54874,1590609.55,28.76
HBEA,20200910,28.76,-1.13%,29.88,28.55,83546,2416934.14,29.09
HBEA,20200909,29.09,0.34%,29.96,28.1,129669,3709228.63,28.99
HBEA,20200908,28.99,0.10%,29,28.58,116084,3343686.47,28.96
HBEA,20200907,28.96,0.07%,29.48,28.1,178939,5145850.57,28.94
HBEA,20200904,28.94,-0.03%,29.35,27.87,149673,4323988.89,28.95
HBEA,20200903,28.95,0.00%,29.19,28.8,99311,2869089.31,28.95
HBEA,20200902,28.95,-0.17%,29.2,28.55,81130,2332087.27,29
HBEA,20200901,29,0.00%,29.86,27.5,53966,1563457.9,29
HBEA,20200831,29,0.00%,30.2,27.11,79272,2258616.87,29
HBEA,20200828,29,-0.03%,29.18,28.66,96314,2779641.41,29.01
HBEA,20200827,29.01,-0.31%,30.3,29,92823,2692357.08,29.1
HBEA,20200826,29.1,-0.27%,30.5,28.52,140432,4134373.17,29.18
HBEA,20200825,29.18,-0.07%,29.49,27.88,95631,2771976.67,29.2
HBEA,20200824,29.2,-1.32%,30.44,28.01,105179,3046368.5,29.59
HBEA,20200821,29.59,0.82%,29.96,28.5,72177,2096437.02,29.35
HBEA,20200820,29.35,-0.34%,31,27.57,92503,2685755.43,29.45
HBEA,20200819,29.45,1.59%,31.88,28.01,83344,2427536.71,28.99
HBEA,20200818,28.99,4.28%,28.99,25.41,73929,2050212.31,27.8
HBEA,20200817,27.8,-0.18%,27.93,25.21,132897,3678627.17,27.85
HBEA,20200814,27.85,0.00%,27.98,25.22,136868,3792210.53,27.85
HBEA,20200813,27.85,-0.07%,27.99,27.63,124446,3458160.44,27.87
HBEA,20200812,27.87,0.36%,27.98,25.12,147084,4084652.18,27.77
HBEA,20200811,27.77,-0.25%,27.85,27.24,103983,2881037.2,27.84
HBEA,20200810,27.84,0.14%,27.96,26.83,98026,2724657.71,27.8
HBEA,20200807,27.8,0.00%,28.08,25.21,64730,1799207.95,27.8
HBEA,20200806,27.8,-0.18%,29.4,26,89567,2478760.53,27.85
HBEA,20200805,27.85,0.00%,28.15,25.35,67400,1864724.4,27.85
HBEA,20200804,27.85,0.18%,28.16,25.23,93226,2589201.06,27.8
HBEA,20200803,27.8,0.00%,28.16,25.23,112667,3129675.97,27.8
HBEA,20200731,27.8,-0.29%,28.14,27,113604,3159290.08,27.88
HBEA,20200730,27.88,0.00%,28.45,27.3,98775,2748750.57,27.88
HBEA,20200729,27.88,0.29%,28.49,27.15,99254,2759834.18,27.8
HBEA,20200728,27.8,-0.14%,27.98,26.88,110112,3062645.43,27.84
HBEA,20200727,27.84,-0.04%,28.22,26.15,107484,2985308.36,27.85
HBEA,20200724,27.85,0.18%,28.18,27.73,98535,2741515.27,27.8
HBEA,20200723,27.8,0.07%,28.5,27.1,125935,3500081.27,27.78
HBEA,20200722,27.78,0.00%,27.8,26.7,112066,3107470.27,27.78
HBEA,20200721,27.78,0.25%,27.96,27.55,89996,2496324.74,27.71
HBEA,20200720,27.71,0.04%,27.94,27.4,97686,2705092.47,27.7
HBEA,20200717,27.7,-0.04%,27.99,27.35,123226,3408339.21,27.71
HBEA,20200716,27.71,0.00%,28,26.44,76344,2097337.2,27.71
HBEA,20200715,27.71,0.07%,27.98,27.05,76133,2089736.2,27.69
HBEA,20200714,27.69,-0.43%,28.1,27.05,75945,2099275.21,27.81
HBEA,20200713,27.81,-2.62%,29.53,26.22,34229,994780.79,27.1
HBEA,20200711,27.1,0.00%,0,0,0,0,27.1
HBEA,20200710,27.1,-1.17%,28.6,24.91,77023,2058156.97,27.42
HBEA,20200709,27.42,-0.54%,28.6,26.04,93924,2532802.02,27.57
HBEA,20200708,27.57,-0.43%,30,27,93567,2662816.56,27.69
HBEA,20200707,27.69,-0.75%,29.88,27.04,176068,4988587.56,27.9
HBEA,20200706,27.9,-0.36%,30.66,25.22,70199,1968835.2,28
HBEA,20200703,28,5.70%,29,24.5,63831,1749822.83,26.49
HBEA,20200702,26.49,0.38%,28.4,25.5,94590,2436889.88,26.39
HBEA,20200701,26.39,5.10%,27.55,23.01,69245,1803286.57,25.11
HBEA,20200630,25.11,0.04%,26.89,23.66,30264,783600.75,25.1
HBEA,20200629,25.1,-0.63%,27.77,23,54488,1369602.64,25.26
HBEA,20200624,25.26,1.57%,25.4,24.51,110721,2781829.39,24.87
HBEA,20200623,24.87,0.48%,24.97,24.76,46717,1163796.65,24.75
HBEA,20200622,24.75,-0.04%,26.88,24.06,65637,1652036.13,24.76
HBEA,20200619,24.76,0.04%,26.2,24.02,132109,3269005.98,24.75
HBEA,20200618,24.75,-0.52%,26.66,23.68,76888,1894787.07,24.88
HBEA,20200617,24.88,0.00%,26.09,23.66,73773,1853611.06,24.88
HBEA,20200616,24.88,-0.08%,27.33,24.7,21160,526128.71,24.9
HBEA,20200615,24.9,-0.44%,27,23,65589,1650577.54,25.01
HBEA,20200612,25.01,-0.24%,26.98,24.61,68987,1749695.28,25.07
HBEA,20200611,25.07,0.28%,26.33,24.4,13429,333682.84,25
HBEA,20200610,25,-0.75%,26.99,24.35,8784,216112.73,25.19
HBEA,20200609,25.19,0.36%,26.99,23.55,16442,415752.98,25.1
HBEA,20200608,25.1,-0.36%,27.66,23.88,8243,202126.47,25.19
HBEA,20200605,25.19,1.86%,26.3,24,12332,312301.48,24.73
HBEA,20200604,24.73,-7.52%,28.44,24.56,42283,1080141.93,26.74
HBEA,20200603,26.74,6.66%,26.99,24,4142,100500.18,25.07
HBEA,20200602,25.07,-0.52%,25.8,24.1,3702,92621.11,25.2
HBEA,20200601,25.2,-0.36%,26.88,24.5,2595,66472.78,25.29
HBEA,20200529,25.29,0.00%,25.99,25,67701,1710697.53,25.29
HBEA,20200528,25.29,0.00%,27.3,24.11,67231,1695148.47,25.29
HBEA,20200527,25.29,0.96%,26.88,23.66,61487,1549581.14,25.05
HBEA,20200526,25.05,-0.71%,26.66,25.05,65271,1670445.89,25.23
HBEA,20200525,25.23,-1.79%,26.99,25.22,70952,1814772.89,25.69
HBEA,20200522,25.69,-0.35%,26.55,25.3,64265,1632189.33,25.78
HBEA,20200521,25.78,-1.94%,26.88,25.33,30402,779567.73,26.29
HBEA,20200520,26.29,1.98%,27.44,25.44,23671,612783.63,25.78
HBEA,20200519,25.78,-1.11%,27.5,25.1,64355,1644806.8,26.07
HBEA,20200518,26.07,1.32%,26.5,24.33,64447,1629107.72,25.73
HBEA,20200515,25.73,0.51%,25.99,25.11,106129,2694952.2,25.6
HBEA,20200514,25.6,0.47%,26.66,25.1,62121,1590811.69,25.48
HBEA,20200513,25.48,0.39%,25.6,25.14,62095,1588941.62,25.38
HBEA,20200512,25.38,-0.43%,27.2,25.01,93201,2344328.16,25.49
HBEA,20200511,25.49,0.43%,27.33,25,62286,1569217.42,25.38
HBEA,20200508,25.38,-2.20%,25.93,24.61,73756,1849359.7,25.95
HBEA,20200507,25.95,1.76%,26.83,25.07,9404,240166.13,25.5
HBEA,20200506,25.5,-1.66%,25.99,25,46676,1169395.39,25.93
HBEA,20200430,25.93,0.62%,27.88,24.99,79565,2049740.64,25.77
HBEA,20200429,25.77,-6.56%,25.93,25.21,40831,1034106.65,27.58
HBEA,20200428,27.58,7.82%,27.96,23.66,6001,165487.65,25.58
HBEA,20200427,25.58,0.08%,27.8,23.55,8873,219552.34,25.56
HBEA,20200424,25.56,-1.43%,28.27,25.1,17178,435998.58,25.93
HBEA,20200423,25.93,-1.18%,25.97,24.22,349,8620.11,26.24
HBEA,20200422,26.24,-2.42%,29.42,25,3468,89336.32,26.89
HBEA,20200421,26.89,4.02%,27.89,25.3,868,22445.78,25.85
HBEA,20200420,25.85,-2.42%,28.78,24.48,100346,2457823.31,26.49
HBEA,20200417,26.49,-4.57%,28.95,25.15,776,19652.09,27.76
HBEA,20200416,27.76,4.75%,27.93,25.08,205,5185.35,26.5
HBEA,20200415,26.5,2.04%,28.38,25,427,10932.35,25.97
HBEA,20200414,25.97,-2.37%,28.86,24.93,216,5475.21,26.6
HBEA,20200413,26.6,8.62%,26.89,25.16,293,7460.14,24.49
HBEA,20200410,24.49,-2.51%,27.4,23.85,433,10815.26,25.12
HBEA,20200409,25.12,-3.20%,25.79,24.2,2201,55255.88,25.95
HBEA,20200408,25.95,2.13%,27.35,25.5,565,14460.92,25.41
HBEA,20200407,25.41,-1.17%,27.55,24.62,555,14066.87,25.71
HBEA,20200403,25.71,0.08%,25.72,24.06,321,8140.63,25.69
HBEA,20200402,25.69,-0.77%,27.86,25,241,6166.41,25.89
HBEA,20200401,25.89,-0.27%,27.93,25.01,251,6360.44,25.96
HBEA,20200331,25.96,1.80%,27.49,24.03,1230,29773.74,25.5
HBEA,20200330,25.5,-0.35%,27.32,24.05,230,5602.59,25.59
HBEA,20200327,25.59,-6.54%,29.48,24.68,149,3705.78,27.38
HBEA,20200326,27.38,7.33%,27.5,22.96,13248,304200.72,25.51
HBEA,20200325,25.51,-1.09%,25.99,25.01,451,11487.7,25.79
HBEA,20200324,25.79,0.78%,27.99,23.64,124,3189.42,25.59
HBEA,20200323,25.59,-6.40%,27.34,24.62,740,18465.42,27.34
HBEA,20200123,27.34,-0.62%,29.7,26.61,2061,55886.06,27.51
HBEA,20200122,27.51,-3.13%,29.99,27.31,14514,433868.48,28.4
HBEA,20200121,28.4,-1.29%,28.48,26.69,4519,126453.07,28.77
HBEA,20200120,28.77,4.66%,29.48,26.89,10965,315466.65,27.49
HBEA,20200117,27.49,-6.15%,28.98,26.62,8146,216990.07,29.29
HBEA,20200116,29.29,6.74%,29.78,25.63,26929,741825.64,27.44
HBEA,20200115,27.44,-1.47%,28.63,26.36,7575,207411.59,27.85
HBEA,20200114,27.85,1.42%,29.8,26.57,46136,1334688.69,27.46
HBEA,20200113,27.46,-1.36%,28.76,26.2,11743,309453.34,27.84
HBEA,20200110,27.84,-0.14%,28.75,27.15,2938,84438.04,27.88
HBEA,20200109,27.88,-0.89%,28.31,25.5,24035,613371.92,28.13
HBEA,20200108,28.13,4.07%,28.39,27.02,5120,140960.56,27.03
HBEA,20200107,27.03,-6.15%,28.99,26.61,14188,388915.31,28.8
HBEA,20200106,28.8,6.94%,28.8,26.9,12904,371627.93,26.93
HBEA,20200103,26.93,-3.68%,28.04,26.82,116,3233.78,27.96
HBEA,20200102,27.96,4.88%,27.96,26.52,3005,79699.8,26.66
HBEA,20191231,26.66,-4.31%,28.18,26,146899,3907685.29,27.86
HBEA,20191230,27.86,3.26%,27.95,26,143655,3923198.98,26.98
HBEA,20191227,26.98,1.01%,28.27,26.58,54937,1488467.88,26.71
HBEA,20191226,26.71,-1.07%,27.95,25.81,43200,1149749.28,27
HBEA,20191225,27,-0.41%,28.4,26.24,75426,2052426.32,27.11
HBEA,20191224,27.11,0.41%,28.2,25.66,78238,2064861.56,27
HBEA,20191223,27,-0.33%,27.38,26.12,26536,702751.91,27.09
HBEA,20191220,27.09,1.08%,27.32,25.55,20500,543735.68,26.8
HBEA,20191219,26.8,-1.40%,29.89,25.72,174811,4735031.4,27.18
HBEA,20191218,27.18,-0.55%,27.37,25.51,6798,183095.07,27.33
HBEA,20191217,27.33,0.11%,27.39,27,38169,1035782.57,27.3
HBEA,20191216,27.3,0.04%,27.48,26.01,13744,373106.03,27.29
HBEA,20191213,27.29,0.26%,27.5,25.22,41718,1124888.76,27.22
HBEA,20191212,27.22,0.29%,27.25,26.02,18451,500242.91,27.14
HBEA,20191211,27.14,3.08%,27.14,25.32,130143,3479507.93,26.33
HBEA,20191210,26.33,4.07%,26.35,24.12,81090,2063669.25,25.3
HBEA,20191209,25.3,0.36%,25.93,23.9,167573,4252136.24,25.21
HBEA,20191206,25.21,0.16%,25.95,24.45,63864,1617649.06,25.17
HBEA,20191205,25.17,0.60%,25.35,23.6,136132,3393386.28,25.02
HBEA,20191204,25.02,-0.75%,25.76,25,434921,10919931.21,25.21
HBEA,20191203,25.21,0.20%,25.88,23.01,83097,2113159.51,25.16
HBEA,20191202,25.16,1.70%,25.95,24.01,99584,2450086.12,24.74
HBEA,20191129,24.74,-0.84%,25.19,23.6,185071,4606856.75,24.95
HBEA,20191128,24.95,-0.80%,27.41,23.1,339625,8967590.07,25.15
HBEA,20191127,25.15,-0.59%,25.7,22.87,114176,2870248.54,25.3
HBEA,20191126,25.3,0.00%,25.79,25.22,139871,3536368.88,25.3
HBEA,20191125,25.3,-1.06%,26.5,25.01,118393,2987039.64,25.57
HBEA,20191122,25.57,-0.74%,25.75,25,96399,2453002.93,25.76
HBEA,20191121,25.76,2.79%,27.57,25.06,104928,2654594.13,25.06
HBEA,20191120,25.06,-8.94%,29.5,24.78,256957,6893710.35,27.52
HBEA,20191119,27.52,-3.74%,30.33,26.1,98720,2759282.9,28.59
HBEA,20191118,28.59,1.74%,29.89,28.1,13195,387086.49,28.1
HBEA,20191115,28.1,-5.89%,29.8,27,26676,783220.94,29.86
HBEA,20191114,29.86,-3.02%,31,29,49462,1474812.73,30.79
HBEA,20191113,30.79,6.65%,31.75,29,59182,1802777.71,28.87
HBEA,20191112,28.87,2.52%,29.49,25.5,8187,222490.27,28.16
HBEA,20191111,28.16,-2.86%,31,26.2,12278,354656.92,28.99
HBEA,20191109,28.99,0.00%,0,0,0,0,28.99
HBEA,20191108,28.99,-2.19%,29.38,28,31423,915618.55,29.64
HBEA,20191107,29.64,3.31%,29.94,26.06,16183,480128.7,28.69
HBEA,20191106,28.69,-3.07%,30.88,27.01,2270,66837.5,29.6
HBEA,20191105,29.6,-3.27%,30.2,28,13592,403587.07,30.6
HBEA,20191104,30.6,-1.13%,31.47,29.01,4962,148624.29,30.95
HBEA,20191101,30.95,2.96%,31.47,27.5,1523,44926.38,30.06
HBEA,20191031,30.06,-0.03%,32.29,29.57,11452,344291.85,30.07
HBEA,20191030,30.07,-1.41%,32.99,29.1,8454,258063.69,30.5
HBEA,20191029,30.5,-1.74%,34.11,28.16,28096,849612.05,31.04
HBEA,20191028,31.04,-3.60%,33.47,31,8427,266132.15,32.2
HBEA,20191025,32.2,-0.77%,34.3,32,12246,394745.74,32.45
HBEA,20191024,32.45,0.00%,32.5,30.16,12517,390930.34,32.45
HBEA,20191023,32.45,0.46%,33.48,32.1,7770,251510.21,32.3
HBEA,20191022,32.3,-2.06%,32.98,30.53,13894,447361.58,32.98
HBEA,20191021,32.98,-0.72%,35.91,30.12,117432,3776589.32,33.22
HBEA,20191018,33.22,0.79%,33.4,32.04,50509,1669696.71,32.96
HBEA,20191017,32.96,-0.06%,35.38,30.33,10097,329086.93,32.98
HBEA,20191016,32.98,0.61%,33.75,31.81,464,14826.11,32.78
HBEA,20191015,32.78,-0.52%,33.92,29.88,1466,45917.08,32.95
HBEA,20191014,32.95,2.58%,34.92,32.06,537,17255.13,32.12
HBEA,20191011,32.12,-0.96%,33.97,32.11,1002,32237.86,32.43
HBEA,20191010,32.43,0.93%,33.76,31.68,25050,810850.59,32.13
HBEA,20191009,32.13,-3.86%,32.99,31.05,9335,293893.97,33.42
HBEA,20191008,33.42,2.48%,35.4,31,5338,170863.23,32.61
HBEA,20190930,32.61,-0.73%,33.8,29.95,2916,93178.03,32.85
HBEA,20190927,32.85,-0.30%,32.98,31.18,872,27843.99,32.95
HBEA,20190926,32.95,-0.06%,35.86,31.51,3247,107012.63,32.97
HBEA,20190925,32.97,0.27%,34.45,32.1,40,1292.18,32.88
HBEA,20190924,32.88,0.86%,34.99,29.52,37,1214.87,32.6
HBEA,20190923,32.6,1.62%,34.78,31.91,24,783.29,32.08
HBEA,20190920,32.08,-1.75%,33.48,31,80206,2486624.23,32.65
HBEA,20190919,32.65,0.86%,35.39,31.5,4317,136848.29,32.37
HBEA,20190918,32.37,-1.76%,33.46,32,27320,878600.17,32.95
HBEA,20190917,32.95,-0.09%,35.96,30.71,11908,392114.23,32.98
HBEA,20190916,32.98,-0.03%,32.99,30.52,965,31823.19,32.99
HBEA,20190912,32.99,1.04%,33.75,29.52,23801,766911.43,32.65
HBEA,20190911,32.65,-2.54%,33.49,31.64,19994,648889.32,33.5
HBEA,20190910,33.5,-1.15%,33.99,32.06,15521,510977.12,33.89
HBEA,20190909,33.89,1.74%,34.8,31.5,4702,160215.89,33.31
HBEA,20190906,33.31,-2.86%,36.26,33,30286,1005412.07,34.29
HBEA,20190905,34.29,-1.72%,35.09,33.5,56123,1907250.09,34.89
HBEA,20190904,34.89,0.32%,35.2,32.23,13680,461084.65,34.78
HBEA,20190903,34.78,-0.43%,35.97,32.04,16213,557718.2,34.93
HBEA,20190902,34.93,1.04%,35.49,34.12,71121,2470959.23,34.57
HBEA,20190830,34.57,0.00%,35.45,33.02,17485,607475.26,34.57
HBEA,20190829,34.57,-1.06%,35.34,33.01,38386,1330661.81,34.94
HBEA,20190828,34.94,-0.99%,35.62,34.23,5377,188617.77,35.29
HBEA,20190827,35.29,0.34%,35.3,34.04,23068,806857.86,35.17
HBEA,20190826,35.17,-3.19%,37.3,34.22,100851,3619551.04,36.33
HBEA,20190823,36.33,-0.41%,39.71,33.03,22754,800107.54,36.48
HBEA,20190822,36.48,3.72%,38,34.01,38898,1341890.69,35.17
HBEA,20190821,35.17,4.83%,35.79,33,218588,7235205.78,33.55
HBEA,20190820,33.55,0.12%,34.87,33.33,4325,144895.39,33.51
HBEA,20190819,33.51,2.76%,34.8,29.52,276330,9208260.24,32.61
HBEA,20190816,32.61,-2.74%,33.22,30.54,528,17396.24,33.53
HBEA,20190815,33.53,0.72%,36.61,32.33,11984,395717.63,33.29
HBEA,20190814,33.29,-5.61%,36.77,32.12,57631,1882084.86,35.27
HBEA,20190813,35.27,-2.70%,36.95,33,124371,4431867.7,36.25
HBEA,20190812,36.25,-4.20%,38.39,35.26,103612,3795619.86,37.84
HBEA,20190809,37.84,-0.37%,38.49,37.34,22535,852278.98,37.98
HBEA,20190808,37.98,-0.05%,38.8,37.68,42303,1619918.85,38
HBEA,20190807,38,1.28%,41.27,37.5,5301,199494.93,37.52
HBEA,20190806,37.52,-1.47%,41.5,34.34,3427,129749.22,38.08
HBEA,20190805,38.08,0.03%,38.8,37.58,1943,74095.15,38.07
HBEA,20190802,38.07,-1.37%,42.26,38,28468,1100447.33,38.6
HBEA,20190801,38.6,-5.07%,44.5,38.5,5174,200537.77,40.66
HBEA,20190731,40.66,5.06%,42.4,38.1,26,1051.34,38.7
HBEA,20190730,38.7,-0.54%,40.99,38.2,11623,448462.68,38.91
HBEA,20190729,38.91,0.03%,42.44,38,12370,472276.96,38.9
HBEA,20190726,38.9,-0.92%,40.24,38.1,17050,656635.42,39.26
HBEA,20190725,39.26,0.93%,42.45,38.5,27693,1067634.34,38.9
HBEA,20190724,38.9,0.65%,39.87,38.15,472,18418.98,38.65
HBEA,20190723,38.65,-1.53%,39.8,38,18397,718715.49,39.25
HBEA,20190722,39.25,-0.10%,43.2,38.1,21913,851992.64,39.29
HBEA,20190719,39.29,0.33%,42.78,38.01,3943,151312.32,39.16
HBEA,20190718,39.16,-0.68%,43.29,38.26,755,29508.03,39.43
HBEA,20190717,39.43,-0.60%,43.4,38.5,7787,304732.43,39.67
HBEA,20190716,39.67,-0.18%,42.99,38,48211,1853229.03,39.74
HBEA,20190715,39.74,0.53%,42.84,37.64,1341,51766.11,39.53
HBEA,20190712,39.53,-3.14%,44.44,38,22930,891451.67,40.81
HBEA,20190711,40.81,0.39%,44.72,39.51,34538,1471075.48,40.65
HBEA,20190710,40.65,-0.49%,42.78,38.16,1733,69479.03,40.85
HBEA,20190709,40.85,5.97%,41.88,37,9797,387200.19,38.55
HBEA,20190708,38.55,-1.41%,42.98,35.19,10875,421956.09,39.1
HBEA,20190705,39.1,0.23%,42.87,38.1,2513,97947.7,39.01
HBEA,20190704,39.01,-1.04%,42.06,35.48,369,14186.89,39.42
HBEA,20190703,39.42,3.11%,41.95,37.01,506,19117.35,38.23
HBEA,20190702,38.23,1.24%,39.2,34,996,37357.66,37.76
HBEA,20190701,37.76,-1.87%,42.09,34.63,1123,42704.94,38.48
HBEA,20190628,38.48,4.76%,40.2,33.1,543,19924.53,36.73
HBEA,20190627,36.73,-2.37%,41.25,33.86,470,18273,37.62
HBEA,20190626,37.62,1.79%,39.75,33.26,87,3157.87,36.96
HBEA,20190625,36.96,-0.08%,37.76,33.29,480,17424.74,36.99
HBEA,20190624,36.99,1.23%,37.9,32.89,739,27081.72,36.54
HBEA,20190621,36.54,5.03%,38.27,31.31,781,28862.31,34.79
HBEA,20190620,34.79,-7.82%,41.51,33.97,7256,298188.07,37.74
HBEA,20190619,37.74,10.00%,37.74,30.88,10989,409266.78,34.31
HBEA,20190618,34.31,10.00%,34.31,28.07,5472,183581.81,31.19
HBEA,20190617,31.19,8.87%,31.5,25.79,6534,193908.6,28.65
HBEA,20190614,28.65,-6.22%,33.4,27.5,2015,60726.69,30.55
HBEA,20190613,30.55,-9.56%,34.88,30.4,3127,95661.2,33.78
HBEA,20190612,33.78,-8.65%,40.67,33.28,451,15435.24,36.98
HBEA,20190611,36.98,-10.00%,37,36.98,866,32025.62,41.09
HBEA,20190610,41.09,-9.99%,44,41.09,1320,54241.71,45.65
HBEA,20190606,45.65,-10.00%,49,45.65,1832,84705.92,50.72
HBEA,20190605,50.72,-5.81%,55.18,48.47,9426,493994.82,53.85
HBEA,20190604,53.85,2.71%,56.99,47.19,12436,590069.67,52.43
HBEA,20190603,52.43,1.63%,56,50,19340,1056744.76,51.59
HBEA,20190531,51.59,10.00%,51.59,42.22,6240,319593.57,46.9
HBEA,20190530,46.9,4.45%,49.37,44.02,2198,101602.58,44.9
HBEA,20190529,44.9,9.83%,44.91,41.61,9975,447306.25,40.88
HBEA,20190528,40.88,5.74%,42.48,34.81,1159,45024.57,38.66
HBEA,20190527,38.66,4.83%,40.5,36,2875,108407.59,36.88
HBEA,20190524,36.88,-0.16%,39.98,34.01,131,4827.8,36.94
HBEA,20190523,36.94,3.44%,39.17,35.01,8265,298089.53,35.71
HBEA,20190522,35.71,0.22%,35.96,32.52,311,11038.63,35.63
HBEA,20190521,35.63,0.51%,38.99,31.92,539,19091.16,35.45
HBEA,20190520,35.45,2.25%,38.14,33.13,1541,54292.98,34.67
HBEA,20190517,34.67,-3.21%,38.6,33.01,907,31417.47,35.82
HBEA,20190516,35.82,-0.06%,39.38,32.26,877,30211.53,35.84
HBEA,20190515,35.84,8.64%,36.29,31.51,274,9147.51,32.99
HBEA,20190514,32.99,1.23%,35.8,31.5,329,10543.5,32.59
HBEA,20190513,32.59,-4.01%,36.3,31.01,1390,44505.17,33.95
HBEA,20190510,33.95,2.91%,36.2,32.96,158,5350.6,32.99
HBEA,20190509,32.99,0.03%,33.4,30.5,170,5493.94,32.98
HBEA,20190508,32.98,-0.03%,36.29,30.5,730,22885.66,32.99
HBEA,20190507,32.99,0.33%,36.16,29.6,692,22108.5,32.88
HBEA,20190506,32.88,7.84%,33.1,29.13,667,21864.93,30.49
HBEA,20190430,30.49,1.97%,31.99,26.91,390,11348.76,29.9
HBEA,20190429,29.9,0.67%,32.6,28.11,1664,49085.67,29.7
HBEA,20190426,29.7,4.65%,29.98,28.03,67,1995.56,28.38
HBEA,20190425,28.38,-2.14%,31.79,28.04,111,3155.46,29
HBEA,20190424,29,-2.16%,29,28.5,618,17877.77,29.64
HBEA,20190423,29.64,3.17%,30.96,26.01,146,4309.59,28.73
HBEA,20190422,28.73,0.81%,30.98,27.07,38,1116.81,28.5
HBEA,20190419,28.5,-7.95%,28.98,28.5,6,171.48,30.96
HBEA,20190418,30.96,5.02%,30.99,26.6,30,885.83,29.48
HBEA,20190417,29.48,0.34%,30.9,27.37,14,413.96,29.38
HBEA,20190416,29.38,2.80%,30.88,26.21,8,233.96,28.58
HBEA,20190415,28.58,-8.78%,34.3,28.21,3020,103492.28,31.33
HBEA,20190412,31.33,9.93%,31.33,31.33,1,31.33,28.5
HBEA,20190411,28.5,3.49%,29.87,27.57,117,3336.67,27.54
HBEA,20190410,27.54,-0.25%,30.35,24.85,16,438.55,27.61
HBEA,20190409,27.61,-1.64%,28.65,25.26,1020,29033.34,28.07
HBEA,20190408,28.07,-1.99%,28.97,28.06,359,10086.63,28.64
HBEA,20190404,28.64,0.46%,29.8,28.63,68,1948.65,28.51
HBEA,20190403,28.51,-0.14%,31.3,27.03,6779,196117.5,28.55
HBEA,20190402,28.55,-1.52%,30.88,27,123,3336.48,28.99
HBEA,20190401,28.99,2.47%,29.85,25.8,8867,245628.18,28.29
HBEA,20190329,28.29,-0.60%,31.14,26.56,2738,83552.31,28.46
HBEA,20190328,28.46,-0.35%,30.95,26.03,166,4713.93,28.56
HBEA,20190327,28.56,0.39%,28.64,27.52,23,656.1,28.45
HBEA,20190326,28.45,0.21%,28.46,25.55,2184,56940.83,28.39
HBEA,20190325,28.39,-1.08%,31.49,26.16,689,19466.23,28.7
HBEA,20190322,28.7,0.35%,31.42,27.84,2157,61342.36,28.6
HBEA,20190321,28.6,-0.03%,28.61,27,4159,118032.93,28.61
HBEA,20190320,28.61,0.32%,28.99,28,1025,28715.55,28.52
HBEA,20190319,28.52,-0.04%,28.54,28.2,267,7551.55,28.53
HBEA,20190318,28.53,0.11%,29,27.01,162,4518.67,28.5
HBEA,20190315,28.5,-1.01%,31.5,28.41,639,18248.5,28.79
HBEA,20190314,28.79,3.52%,30.4,27.08,2626,74902.92,27.81
HBEA,20190313,27.81,-3.67%,31.49,27.57,228,6344.99,28.87
HBEA,20190312,28.87,1.12%,29.99,28.5,39,1135.26,28.55
HBEA,20190311,28.55,-2.59%,32.2,28.5,71,2048.85,29.31
HBEA,20190308,29.31,1.81%,30.8,26.12,13,380.81,28.79
HBEA,20190307,28.79,0.10%,31.6,27.51,25,731.13,28.76
HBEA,20190306,28.76,-3.81%,31.09,28.5,35,1029.95,29.9
HBEA,20190305,29.9,5.80%,30.2,28.26,3072,87610.66,28.26
HBEA,20190304,28.26,-0.84%,30.9,26.51,1975,60847.77,28.5
HBEA,20190301,28.5,-1.35%,28.89,28,5202,147558.99,28.89
HBEA,20190228,28.89,0.21%,29.28,26.66,147,4207.13,28.83
HBEA,20190227,28.83,2.82%,30.75,27.08,678,19185.51,28.04
HBEA,20190226,28.04,-1.41%,29.33,27.02,511,13863.58,28.44
HBEA,20190225,28.44,-0.73%,31.2,26.05,1943,50748.52,28.65
HBEA,20190222,28.65,0.88%,29.99,26.5,143,4075.49,28.4
HBEA,20190221,28.4,-9.76%,28.6,28.32,126,3580.92,31.47
HBEA,20190220,31.47,9.61%,31.49,25.93,2442,76861.69,28.71
HBEA,20190219,28.71,-0.10%,28.8,26.39,72,1990.4,28.74
HBEA,20190218,28.74,-0.79%,28.79,26.16,578,16276.37,28.97
HBEA,20190215,28.97,1.65%,30.91,26.55,5100,145454.49,28.5
HBEA,20190214,28.5,-1.04%,30.88,26.25,2617,69742.97,28.8
HBEA,20190213,28.8,0.00%,31.65,26.2,823,22905.41,28.8
HBEA,20190212,28.8,-7.07%,34.08,27.89,22,635.82,30.99
HBEA,20190211,30.99,6.17%,30.99,30.99,1,30.99,29.19
HBEA,20190201,29.19,-1.39%,32.5,27.62,191,5482.92,29.6
HBEA,20190131,29.6,2.10%,30.2,28.1,14,414.4,28.99
HBEA,20190130,28.99,1.19%,29.89,27.09,159,4492.75,28.65
HBEA,20190129,28.65,-2.85%,30.99,28.11,2002,56548.47,29.49
HBEA,20190128,29.49,-2.80%,30.92,27.33,5401,155495.76,30.34
HBEA,20190125,30.34,6.42%,30.88,25.71,1228,34545.06,28.51
HBEA,20190124,28.51,-7.25%,29,28.01,744,20866.99,30.74
HBEA,20190123,30.74,6.07%,30.76,30.74,25,768.54,28.98
HBEA,20190122,28.98,-1.09%,29.99,26.37,295,8482.77,29.3
HBEA,20190121,29.3,0.00%,31.81,27.09,507,14150.67,29.3
HBEA,20190118,29.3,-5.61%,29.59,28,193,5585.42,31.04
HBEA,20190117,31.04,-3.06%,35.2,28.82,34634,1216952.4,32.02
HBEA,20190116,32.02,9.28%,32.23,28.05,316,9695.28,29.3
HBEA,20190115,29.3,-0.17%,31.96,27.01,333,9443.24,29.35
HBEA,20190114,29.35,-5.66%,29.76,28.02,567,16223.07,31.11
HBEA,20190111,31.11,4.64%,32.16,28.06,5,155.56,29.73
HBEA,20190110,29.73,3.01%,30,28.13,34,977.61,28.86
HBEA,20190109,28.86,-0.79%,29.48,26.18,716,20207.97,29.09
HBEA,20190108,29.09,0.38%,29.8,28.09,327,9352.06,28.98
HBEA,20190107,28.98,-3.34%,29,28.27,922,26403.88,29.98
HBEA,20190104,29.98,1.83%,31.49,26.65,8,235.07,29.44
HBEA,20190103,29.44,-5.09%,33.49,27.92,143,4288.53,31.02
HBEA,20190102,31.02,-0.83%,31.95,28.5,10109,303130.55,31.28
HBEA,20181228,31.28,7.42%,32.03,27.01,374,10707.22,29.12
HBEA,20181227,29.12,-5.08%,30.99,28.01,86,2543.08,30.68
HBEA,20181226,30.68,3.33%,32.64,27.51,5,153.38,29.69
HBEA,20181225,29.69,-0.93%,30.75,28.01,669,18820.84,29.97
HBEA,20181224,29.97,6.81%,30.84,28.18,50,1448.13,28.06
HBEA,20181221,28.06,-6.40%,28.98,28.05,3826,107658.54,29.98
HBEA,20181220,29.98,3.56%,30.99,28.06,3458,105056.27,28.95
HBEA,20181219,28.95,-2.82%,30.26,27.03,647,18526.8,29.79
HBEA,20181218,29.79,-0.63%,30.94,28.5,411,11801.28,29.98
HBEA,20181217,29.98,0.98%,30.87,28.88,207,5987.64,29.69
HBEA,20181214,29.69,0.68%,31.97,28.6,339,9745.82,29.49
HBEA,20181213,29.49,-1.63%,31,28.63,312,8950.52,29.98
HBEA,20181212,29.98,-3.91%,31.99,28.81,396,11485.08,31.2
HBEA,20181211,31.2,4.70%,31.99,27.14,7,215.11,29.8
HBEA,20181210,29.8,-2.84%,31.53,27.61,361,10177.48,30.67
HBEA,20181207,30.67,-2.08%,31,28.56,233,6775.11,31.32
HBEA,20181206,31.32,1.59%,32.48,28.02,6650,215605.24,30.83
HBEA,20181205,30.83,3.14%,30.99,27.05,7,212.18,29.89
HBEA,20181204,29.89,1.53%,29.98,29.84,3,89.66,29.44
HBEA,20181203,29.44,-0.47%,29.98,27.87,7,205.04,29.58
HBEA,20181130,29.58,-1.07%,29.98,27.1,4903,133378.73,29.9
HBEA,20181129,29.9,-5.71%,30.46,28.65,1018,29768.32,31.71
HBEA,20181128,31.71,6.52%,31.78,31.71,4101,130047.78,29.77
HBEA,20181127,29.77,-1.33%,30.48,27.21,4322,118353.27,30.17
HBEA,20181126,30.17,-5.36%,30.19,29.01,379,11390.56,31.88
HBEA,20181123,31.88,-2.54%,32.69,29.44,3477,113496.04,32.71
HBEA,20181122,32.71,9.95%,32.71,32.71,1,32.71,29.75
HBEA,20181121,29.75,5.50%,29.88,29,10028,290831.93,28.2
HBEA,20181120,28.2,-3.59%,29.38,28.2,16,464.05,29.25
HBEA,20181119,29.25,0.14%,29.42,28.03,282,8245.47,29.21
HBEA,20181116,29.21,-0.61%,29.45,26.51,4723,128283.68,29.39
HBEA,20181115,29.39,1.59%,30.89,26.73,253,7141.45,28.93
HBEA,20181114,28.93,0.84%,28.97,27.51,16851,470519.69,28.69
HBEA,20181113,28.69,1.56%,28.95,25.63,1115,31307.75,28.25
HBEA,20181112,28.25,1.66%,28.99,27.07,1510,42404.42,27.79
HBEA,20181109,27.79,-1.14%,30.9,27.53,7083,214993.66,28.11
HBEA,20181108,28.11,-2.19%,29.49,25.95,6157,159911.75,28.74
HBEA,20181107,28.74,0.14%,28.77,25.85,10429,270773.91,28.7
HBEA,20181106,28.7,0.42%,29,26.51,50151,1454298.37,28.58
HBEA,20181105,28.58,-4.41%,29.9,26.93,67884,1889171.43,29.9
HBEA,20181102,29.9,-0.23%,29.91,27.03,180,5378.92,29.97
HBEA,20181101,29.97,-3.07%,31.95,28.88,86825,2509162.66,30.92
HBEA,20181031,30.92,1.24%,31,28.32,254,7846.5,30.54
HBEA,20181030,30.54,5.75%,31.77,28.28,1036,30098.08,28.88
HBEA,20181029,28.88,-10.00%,33.77,28.88,458,14023.07,32.09
HBEA,20181026,32.09,5.63%,33.38,29.33,25,773.1,30.38
HBEA,20181025,30.38,1.23%,33.01,27.03,13085,411476.99,30.01
HBEA,20181024,30.01,2.25%,30.18,27.51,4828,143006.51,29.35
HBEA,20181023,29.35,0.03%,29.35,27.01,1363,39941.35,29.34
HBEA,20181022,29.34,-0.24%,29.4,26.86,1855,54458.46,29.41
HBEA,20181019,29.41,1.84%,29.5,27.84,18589,537250,28.88
HBEA,20181018,28.88,-0.14%,28.95,27.6,19876,548643.75,28.92
HBEA,20181017,28.92,1.33%,30,27.51,8700,246547.94,28.54
HBEA,20181016,28.54,0.78%,29.75,28.06,1803,51239.01,28.32
HBEA,20181015,28.32,-5.54%,32.98,26.98,69862,1990102.17,29.98
HBEA,20181012,29.98,5.97%,29.98,29.98,1,29.98,28.29
HBEA,20181011,28.29,-1.01%,28.29,27.51,815,22949.82,28.58
HBEA,20181010,28.58,0.99%,31,26.15,14058,377440.44,28.3
HBEA,20181009,28.3,0.00%,31.12,28,8877,251182.32,28.3
HBEA,20181008,28.3,0.35%,28.5,27.01,2606,73650.64,28.2
HBEA,20180928,28.2,0.57%,28.2,25.35,23492,655549.56,28.04
HBEA,20180927,28.04,-1.06%,31.17,27.04,11452,318863.47,28.34
HBEA,20180926,28.34,1.21%,28.79,25.23,12690,355059.6,28
HBEA,20180925,28,2.56%,28,26.91,1818,50337.61,27.3
HBEA,20180921,27.3,-4.14%,31.33,27.16,6,167.83,28.48
HBEA,20180920,28.48,3.64%,28.88,27,2560,71304.19,27.48
HBEA,20180919,27.48,2.16%,28,26.5,53,1448.42,26.9
HBEA,20180918,26.9,-6.86%,29,26.06,2813,75671.92,28.88
HBEA,20180917,28.88,-2.92%,31,26.8,4317,116733.93,29.75
HBEA,20180914,29.75,8.46%,29.8,27.58,12589,368052.1,27.43
HBEA,20180913,27.43,1.29%,27.7,24.73,26155,656509.18,27.08
HBEA,20180912,27.08,-2.34%,27.98,25.11,4124,105556.36,27.73
HBEA,20180911,27.73,2.06%,28.88,24.62,13183,356709.57,27.17
HBEA,20180910,27.17,-0.11%,27.4,24.48,35043,882822.75,27.2
HBEA,20180907,27.2,-1.02%,27.99,26.36,60948,1662530.71,27.48
HBEA,20180906,27.48,0.48%,27.72,25.02,28847,749093.1,27.35
HBEA,20180905,27.35,0.18%,27.78,26.6,10122,276051.94,27.3
HBEA,20180904,27.3,-0.33%,28,26.5,105186,2858874.58,27.39
HBEA,20180903,27.39,-1.40%,28.3,26.5,302273,8290683.79,27.78
HBEA,20180831,27.78,3.46%,27.8,26.26,92183,2484748.57,26.85
HBEA,20180830,26.85,-1.21%,29.12,26.02,166834,4555260.1,27.18
HBEA,20180829,27.18,1.80%,27.47,26.01,197159,5319726.17,26.7
HBEA,20180828,26.7,-2.23%,28.13,24.65,333539,8867485.51,27.31
HBEA,20180827,27.31,-0.98%,28.38,27.27,263191,7217619.01,27.58
HBEA,20180824,27.58,0.11%,28.99,27.18,151770,4250340.08,27.55
HBEA,20180823,27.55,-0.40%,28.98,26.5,105932,2885143.26,27.66
HBEA,20180822,27.66,1.13%,29.1,27.29,73819,2092796.51,27.35
HBEA,20180821,27.35,-4.50%,28.03,26.5,82925,2250953.47,28.64
HBEA,20180820,28.64,-2.42%,29.05,28.33,53416,1544427.44,29.35
HBEA,20180817,29.35,0.14%,29.35,28.6,92465,2699170.36,29.31
HBEA,20180816,29.31,0.03%,29.8,28.13,99677,2888404.74,29.3
HBEA,20180815,29.3,0.00%,29.76,26.92,109782,3223880.25,29.3
HBEA,20180814,29.3,0.00%,29.5,28,123568,3576609.42,28.82
HBEA,20180813,28.82,-2.96%,29.95,28.1,189658,5474349.27,29.7
HBEA,20180810,29.7,2.41%,29.88,29.29,224738,6647166.91,29
HBEA,20180809,29,3.02%,30.97,25.5,87248,2516967.86,28.15
HBEA,20180808,28.15,2.36%,28.43,26.1,168079,4716846.37,27.5
HBEA,20180807,27.5,7.21%,27.55,25.65,414692,10963022.04,25.65
HBEA,20180806,25.65,2.48%,26.5,24.45,114037,2900179.27,25.03
HBEA,20180803,25.03,-0.24%,26,24.6,102222,2576361.64,25.09
HBEA,20180802,25.09,-1.14%,26.5,24.61,81505,2063150.13,25.38
HBEA,20180801,25.38,3.34%,26.8,22.6,108565,2696642.95,24.56
HBEA,20180731,24.56,0.66%,26,24.01,55236,1353337.62,24.4
HBEA,20180730,24.4,6.09%,24.4,22.52,115827,2733024.43,23
HBEA,20180727,23,0.31%,24.45,20.85,178546,3905563.08,22.93
HBEA,20180726,22.93,4.94%,24,20.03,66471,1474690.03,21.85
HBEA,20180725,21.85,5.10%,22.87,20.9,259554,5677882.74,20.79
HBEA,20180724,20.79,1.61%,22.42,20.15,70194,1450347.9,20.46
HBEA,20180723,20.46,1.99%,20.89,19.01,69686,1411023.9,20.06
HBEA,20180720,20.06,-0.35%,20.98,19.5,36078,729539.67,20.13
HBEA,20180719,20.13,0.20%,20.6,18.22,26660,523459.37,20.09
HBEA,20180718,20.09,0.45%,20.97,19.5,45377,914207.3,20
HBEA,20180717,20,3.52%,21,18.01,48903,958423.94,19.32
HBEA,20180716,19.32,-4.45%,20.99,19,1020,20385.95,20.22
HBEA,20180713,20.22,5.09%,20.6,18.7,46668,928601.68,19.24
HBEA,20180712,19.24,0.26%,19.48,18.22,25510,479263.19,19.19
HBEA,20180711,19.19,2.40%,19.2,17.79,42677,798032.22,18.74
HBEA,20180710,18.74,3.25%,18.97,17.52,49263,904589.28,18.15
HBEA,20180709,18.15,2.66%,18.48,17.5,58675,1054106.98,17.68
HBEA,20180706,17.68,1.32%,18.99,17.09,29901,529273.23,17.45
HBEA,20180705,17.45,3.68%,17.5,16,120051,2014049.58,16.83
HBEA,20180704,16.83,-2.66%,17.49,15.8,34036,546335.54,17.29
HBEA,20180703,17.29,1.41%,18,16.5,133098,2271887.56,17.05
HBEA,20180702,17.05,0.29%,18.2,16.6,20515,369102.5,17
HBEA,20180629,17,0.89%,17,16.5,91938,1544688.66,16.85
HBEA,20180628,16.85,0.00%,17.8,16.7,40075,673598.36,16.85
HBEA,20180627,16.85,0.00%,16.85,16.51,80481,1354592.01,16.85
HBEA,20180626,16.85,0.30%,17.09,16,36427,599792.38,16.8
HBEA,20180625,16.8,0.54%,16.8,16.58,148593,2488371.25,16.71
HBEA,20180622,16.71,-0.18%,17,16.5,133201,2250743.52,16.74
HBEA,20180621,16.74,0.24%,16.8,16.35,10779,180936.38,16.7
HBEA,20180620,16.7,-0.60%,17,16.4,10432,175935.1,16.8
HBEA,20180619,16.8,0.60%,17.1,15.6,33279,561256.13,16.7
HBEA,20180615,16.7,1.21%,17.2,16.3,153091,2569818.9,16.5
HBEA,20180614,16.5,0.12%,16.75,16.27,9424,155074.56,16.48
HBEA,20180613,16.48,-0.12%,16.86,15.78,59065,965641.24,16.5
HBEA,20180612,16.5,-0.42%,17,15.01,133246,2182558.24,16.57
HBEA,20180611,16.57,-1.13%,17.5,16.2,23382,388932.94,16.76
HBEA,20180608,16.76,0.90%,18.2,15.11,18285,307233.74,16.61
HBEA,20180607,16.61,0.24%,17,15.4,14351,238607.83,16.57
HBEA,20180606,16.57,-1.84%,18.57,16,13154,217857.03,16.88
HBEA,20180605,16.88,-0.35%,17.29,16.49,20364,340962.14,16.94
HBEA,20180604,16.94,1.13%,17,16.55,756,12626.72,16.75
HBEA,20180601,16.75,-1.47%,16.97,15.35,202011,3427634.19,17
HBEA,20180531,17,-2.24%,17,16.65,13576,227271.32,17.39
HBEA,20180530,17.39,2.47%,17.39,16.02,34268,578817.11,16.97
HBEA,20180529,16.97,0.89%,17.1,16.5,223965,3801228.08,16.82
HBEA,20180528,16.82,-4.00%,17.9,15.88,32452,560149.07,17.52
HBEA,20180525,17.52,8.82%,17.69,15.52,29444,494882.68,16.1
HBEA,20180524,16.1,3.54%,16.3,15.55,33432,532971.86,15.55
HBEA,20180523,15.55,0.39%,15.6,15.48,36262,562929.82,15.49
HBEA,20180522,15.49,-0.06%,17,15.35,10727,165482.31,15.5
HBEA,20180521,15.5,0.19%,16.5,15.45,8428,130779.29,15.47
HBEA,20180518,15.47,-0.77%,16.5,15.44,17366,269242.36,15.59
HBEA,20180517,15.59,0.13%,15.65,15.45,15610,242386.44,15.57
HBEA,20180516,15.57,0.06%,15.59,15.35,23144,358431.11,15.56
HBEA,20180515,15.56,0.00%,16,15.1,22003,340157.2,15.56
HBEA,20180514,15.56,-0.51%,15.68,15.4,10805,167419.07,15.64
HBEA,20180511,15.64,0.39%,15.7,15.38,10864,168347.1,15.58
HBEA,20180510,15.58,0.19%,16.3,15.32,6011,93140.3,15.55
HBEA,20180509,15.55,-0.32%,15.8,15.3,14111,217666.05,15.6
HBEA,20180508,15.6,-0.32%,15.6,15.3,10038,156358.43,15.65
HBEA,20180507,15.65,-0.95%,16.19,15.2,9590,148207.34,15.8
HBEA,20180504,15.8,-1.00%,17.4,15.31,1204,18702.34,15.96
HBEA,20180503,15.96,-0.25%,16.49,15,49232,746098.52,16
HBEA,20180502,16,3.03%,17,15.35,6011,92417.15,15.53
HBEA,20180427,15.53,-0.83%,16.99,15.21,26038,401915.89,15.66
HBEA,20180426,15.66,0.58%,16,15,13347,207039.73,15.57
HBEA,20180425,15.57,-0.06%,16.3,15.3,2583,39661.58,15.58
HBEA,20180424,15.58,0.26%,16.3,15.15,3017,45965.6,15.54
HBEA,20180423,15.54,0.32%,15.97,15,3011,45551.67,15.49
HBEA,20180420,15.49,-3.13%,16,15.25,5789,88475.5,15.99
HBEA,20180419,15.99,3.36%,16.95,15.25,12305,191198.4,15.47
HBEA,20180418,15.47,0.13%,15.47,15.1,3936,59823.14,15.45
HBEA,20180417,15.45,4.96%,15.75,15.2,7435,113707.15,14.72
HBEA,20180416,14.72,-6.48%,17.29,14.65,8,122.83,15.74
HBEA,20180413,15.74,1.55%,16.49,15.03,4016,61249.04,15.5
HBEA,20180412,15.5,2.85%,16.49,14.6,99236,1483903.79,15.07
HBEA,20180411,15.07,-4.01%,17.25,15,26,394.71,15.7
HBEA,20180410,15.7,-0.38%,15.75,15.3,3630,56105,15.76
HBEA,20180409,15.76,1.03%,15.85,14.1,31297,485102.2,15.6
HBEA,20180404,15.6,0.78%,15.98,14.9,12955,200213.06,15.48
HBEA,20180403,15.48,1.51%,16.4,14.51,2229,33430.34,15.25
HBEA,20180402,15.25,2.42%,15.95,13.6,1631,23235.69,14.89
HBEA,20180330,14.89,-1.46%,15.58,13.6,4004,58478.17,15.11
HBEA,20180329,15.11,-0.40%,15.43,14.4,35,525.71,15.17
HBEA,20180328,15.17,1.54%,15.18,14.5,64258,951420.81,14.94
HBEA,20180327,14.94,-1.97%,15.26,14.6,1504,22355.77,15.24
HBEA,20180326,15.24,1.94%,15.75,14.5,743,11141.95,14.95
HBEA,20180323,14.95,-3.61%,16.7,14.3,4738,70866.97,15.51
HBEA,20180322,15.51,2.11%,15.55,15.5,4,62.05,15.19
HBEA,20180321,15.19,2.77%,15.49,14.99,2376,35639.24,14.78
HBEA,20180320,14.78,-0.54%,14.8,14.3,2226,31870.68,14.86
HBEA,20180319,14.86,-0.80%,14.97,14.7,1535,22722.39,14.98
HBEA,20180316,14.98,0.00%,14.99,14.5,416,6039.79,14.98
HBEA,20180315,14.98,0.00%,0,0,0,0,14.98
HBEA,20180314,14.98,1.22%,15.48,14.4,152,2193.86,14.8
HBEA,20180313,14.8,-1.00%,14.98,14.79,12542,185597.52,14.95
HBEA,20180312,14.95,-3.30%,16.3,14.21,818,11736.67,15.46
HBEA,20180309,15.46,4.18%,15.88,14.1,19481,286331.49,14.84
HBEA,20180308,14.84,-0.13%,14.85,14.4,662,9684,14.86
HBEA,20180307,14.86,-1.52%,14.99,14.35,1810,26863.46,15.09
HBEA,20180306,15.09,0.73%,16.45,14.21,4,60.34,14.98
HBEA,20180305,14.98,-0.07%,16.18,14.97,1414,21187.89,14.99
HBEA,20180302,14.99,6.54%,15.27,14.1,518,7469.69,14.07
HBEA,20180301,14.07,-6.14%,15.22,14.01,34,483.76,14.99
HBEA,20180228,14.99,1.01%,15.94,14.25,11,163.83,14.84
HBEA,20180227,14.84,3.78%,15.43,14.21,2126,30390.13,14.3
HBEA,20180226,14.3,-2.85%,15.16,14.12,204,2888.76,14.72
HBEA,20180223,14.72,-9.97%,15.88,14.72,159,2345.06,16.35
HBEA,20180222,16.35,6.93%,16.7,16,2,32.7,15.29
HBEA,20180214,15.29,8.06%,15.29,14.2,12,176.94,14.15
HBEA,20180213,14.15,-1.74%,15.44,14.08,182,2572.48,14.4
HBEA,20180212,14.4,-4.13%,14.98,14.3,502,7229.28,15.02
HBEA,20180209,15.02,0.20%,15.55,14.65,9,134.95,14.99
HBEA,20180208,14.99,0.40%,14.99,14.99,67,1004.33,14.93
HBEA,20180207,14.93,0.20%,15.6,14.3,14504,213208.85,14.9
HBEA,20180206,14.9,1.78%,15.18,13.42,13,190.7,14.64
HBEA,20180205,14.64,-2.20%,16.43,14.64,12,179.57,14.97
HBEA,20180202,14.97,0.81%,15.28,14.7,30114,447677.73,14.85
HBEA,20180201,14.85,-1.92%,15.86,14.69,54563,807250.94,15.14
HBEA,20180131,15.14,-1.94%,15.2,14.1,73998,1102027.51,15.44
HBEA,20180130,15.44,3.42%,15.96,14.5,710,10306.22,14.93
HBEA,20180129,14.93,2.47%,15,14.7,22937,342409.8,14.57
HBEA,20180126,14.57,-2.80%,14.99,14.53,11683,174127.95,14.99
HBEA,20180125,14.99,0.00%,16.48,14.01,800,11990.55,14.99
HBEA,20180124,14.99,-0.53%,15.04,14.32,31,458.43,15.07
HBEA,20180123,15.07,-0.46%,16.55,15.03,3356,50593.65,15.14
HBEA,20180122,15.14,1.27%,15.9,14.5,1090,15833.99,14.95
HBEA,20180119,14.95,-0.20%,16.16,13.6,4109,60009.89,14.98
HBEA,20180118,14.98,1.49%,15.35,14.75,4514,66780.19,14.76
HBEA,20180117,14.76,-3.78%,15.35,14.71,3182,47358.26,15.34
HBEA,20180116,15.34,0.99%,15.98,14.96,1549,23237.95,15.19
HBEA,20180115,15.19,-0.91%,15.2,14.49,6,90.45,15.33
HBEA,20180112,15.33,0.20%,15.99,14.6,153,2273.09,15.3
HBEA,20180111,15.3,-0.78%,15.91,14.76,713,10860.71,15.42
HBEA,20180110,15.42,0.85%,15.69,14.51,1009,14705.74,15.29
HBEA,20180109,15.29,1.87%,15.88,14.82,68,1030.33,15.01
HBEA,20180108,15.01,2.11%,15.59,13.24,63244,843098.6,14.7
HBEA,20180105,14.7,-2.13%,15.39,13.6,8144,120422.4,15.02
HBEA,20180104,15.02,-1.77%,15.39,13.81,1090,16609.11,15.29
HBEA,20180103,15.29,0.39%,15.4,15.11,2905,44144.67,15.23
HBEA,20180102,15.23,-2.87%,15.58,15.2,631,9598.68,15.68
HBEA,20171229,15.68,1.03%,15.96,15.3,11760,185213.8,15.52
HBEA,20171228,15.52,-0.70%,15.71,14.14,13551,212531.98,15.63
HBEA,20171227,15.63,0.06%,16.04,15.48,18009,284273.47,15.62
HBEA,20171226,15.62,0.13%,15.74,15.5,15183,237199.65,15.6
HBEA,20171225,15.6,0.97%,15.75,15.28,7203,112888.87,15.45
HBEA,20171222,15.45,0.46%,16.6,15.31,21862,340434.9,15.38
HBEA,20171221,15.38,0.39%,15.95,15.25,10797,166595.63,15.32
HBEA,20171220,15.32,0.86%,16.08,15.3,21772,336464.58,15.19
HBEA,20171219,15.19,0.93%,15.5,15.1,35839,550242.38,15.05
HBEA,20171218,15.05,-0.92%,15.47,14.51,5756,87375.57,15.19
HBEA,20171215,15.19,-0.13%,15.88,15.1,12026,182387.82,15.21
HBEA,20171214,15.21,-0.20%,15.48,15.1,19470,295943.23,15.24
HBEA,20171213,15.24,-1.61%,15.47,15.16,36179,552291.2,15.49
HBEA,20171212,15.49,1.04%,15.58,15.1,37316,568743.02,15.33
HBEA,20171211,15.33,1.12%,15.98,15.16,4644,70667.33,15.16
HBEA,20171208,15.16,-0.20%,15.69,15.1,9826,149139.85,15.19
HBEA,20171207,15.19,0.13%,15.45,15.15,6557,99647.92,15.17
HBEA,20171206,15.17,-0.59%,15.49,15.1,3998,60989.45,15.26
HBEA,20171205,15.26,-0.46%,15.79,15.03,15068,231983.87,15.33
HBEA,20171204,15.33,2.54%,15.68,14.91,8792,132713.55,14.95
HBEA,20171201,14.95,0.47%,15.49,14.79,33299,498636.24,14.88
HBEA,20171130,14.88,-0.67%,15.43,14.8,6565,98239.24,14.98
HBEA,20171129,14.98,-1.06%,15.76,14.85,7934,118146.2,15.14
HBEA,20171128,15.14,1.41%,15.2,14.91,8198,122462.92,14.93
HBEA,20171127,14.93,-2.23%,15.68,14.9,14086,211588.24,15.27
HBEA,20171124,15.27,-0.59%,15.64,15.02,8045,123500.15,15.36
HBEA,20171123,15.36,1.72%,16.18,13.61,1832,27843.19,15.1
HBEA,20171122,15.1,-3.82%,15.95,14.9,27944,431517.69,15.7
HBEA,20171121,15.7,-1.57%,16.2,15.68,6188,97920.77,15.95
HBEA,20171120,15.95,-0.44%,16.5,15.88,9991,159153.85,16.02
HBEA,20171117,16.02,0.06%,16.6,15.81,12769,205069.32,16.01
HBEA,20171116,16.01,0.13%,16.37,15.67,240247,3878580.57,15.99
HBEA,20171115,15.99,-1.30%,16.46,15.8,15995,259090.44,16.2
HBEA,20171114,16.2,0.06%,16.55,15.85,53446,874930.14,16.19
HBEA,20171113,16.19,1.57%,17.48,15.9,54574,899646.54,15.94
HBEA,20171110,15.94,5.91%,16.28,14.9,22051,331531.35,15.05
HBEA,20171109,15.05,2.24%,15.69,14.73,6892,101789.11,14.72
HBEA,20171108,14.72,-0.47%,16.24,14.55,59966,898517.75,14.79
HBEA,20171107,14.79,2.78%,15.39,14.25,127164,1820910.06,14.39
HBEA,20171106,14.39,0.98%,14.46,14.27,17478,251065.69,14.25
HBEA,20171103,14.25,-0.14%,15.58,14.04,9537,134989.1,14.27
HBEA,20171102,14.27,1.78%,14.96,13.9,49190,687727.93,14.02
HBEA,20171101,14.02,0.43%,15.13,14.01,10796,157194.26,13.96
HBEA,20171031,13.96,1.45%,14.78,13.9,5141,71710.9,13.76
HBEA,20171030,13.76,-0.58%,14.44,13.5,35157,476413.28,13.84
HBEA,20171027,13.84,1.62%,14.88,13.84,3011,42156.15,13.62
HBEA,20171026,13.62,-1.45%,14.59,13.36,35072,481694.64,13.82
HBEA,20171025,13.82,0.95%,14.59,13.75,7603,104955.03,13.69
HBEA,20171024,13.69,0.00%,14.13,13.69,6481,88734.7,13.69
HBEA,20171023,13.69,-0.29%,14.49,13.56,28,385.12,13.73
HBEA,20171020,13.73,-4.32%,14.92,13.71,8,111.82,14.35
HBEA,20171019,14.35,2.94%,14.99,13.13,1071,15569.29,13.94
HBEA,20171018,13.94,-2.52%,15.29,13.94,106,1583.99,14.3
HBEA,20171017,14.3,2.66%,15,13.94,517,7213.91,13.93
HBEA,20171016,13.93,-4.65%,15.79,13.93,88,1235.66,14.61
HBEA,20171013,14.61,6.56%,14.77,13.9,1143,15974.91,13.71
HBEA,20171012,13.71,2.31%,14.39,13.4,922,12940.93,13.4
HBEA,20171011,13.4,10.02%,13.4,12,11900,145550,12.18
HBEA,20171010,12.18,-9.84%,14.39,12.18,18002,219267.78,13.51
HBEA,20171009,13.51,-2.17%,15.18,13.48,31,437.91,13.81
HBEA,20170929,13.81,2.30%,13.88,13.8,405,5592.27,13.5
HBEA,20170928,13.5,1.89%,14.37,12,111372,1488536.27,13.25
HBEA,20170927,13.25,0.00%,13.69,11.93,407,5547.87,13.25
HBEA,20170926,13.25,-0.38%,14.6,13.21,5175,74754.75,13.3
HBEA,20170925,13.3,1.92%,13.39,13.2,1095,14567.05,13.05
HBEA,20170922,13.05,-0.23%,13.38,13.05,6,78.63,13.08
HBEA,20170921,13.08,0.54%,13.3,13.08,672,8936.49,13.01
HBEA,20170920,13.01,-1.36%,13.3,13.01,473,6156.52,13.19
HBEA,20170919,13.19,0.69%,13.48,13.01,204,2691.68,13.1
HBEA,20170918,13.1,0.15%,13.33,13.1,123,1611.73,13.08
HBEA,20170915,13.08,-0.15%,13.5,13.02,77278,1010412.61,13.1
HBEA,20170914,13.1,-0.76%,14.49,12.9,64280,838493.72,13.2
HBEA,20170913,13.2,1.46%,13.2,12.89,102978,1330104.8,13.01
HBEA,20170912,13.01,-1.21%,13.3,12.96,81533,1059216.66,13.17
HBEA,20170911,13.17,2.25%,13.83,12.72,84083,1082102.17,12.88
HBEA,20170908,12.88,0.08%,14.16,12.81,101042,1308272.63,12.87
HBEA,20170907,12.87,-0.54%,13.32,12.65,94952,1219905.02,12.94
HBEA,20170906,12.94,0.08%,13.08,12.82,411,5321.28,12.93
HBEA,20170905,12.93,1.33%,13.2,12.51,116207,1469964.17,12.76
HBEA,20170904,12.76,-1.62%,14.27,11.68,703,8979.88,12.97
HBEA,20170901,12.97,1.65%,13.3,12.3,5938,73770.25,12.76
HBEA,20170831,12.76,0.16%,13.78,12.75,522,7003.56,12.74
HBEA,20170830,12.74,0.87%,13.89,12.6,3058,38858.04,12.63
HBEA,20170829,12.63,0.16%,12.89,12.4,14,176.64,12.61
HBEA,20170828,12.61,-0.79%,12.97,12.61,1063,13412.13,12.71
HBEA,20170825,12.71,-5.08%,13.17,12.4,307,3900.06,13.39
HBEA,20170824,13.39,5.43%,13.5,11.5,640,8568,12.7
HBEA,20170823,12.7,1.52%,13.5,12.6,2230,28192.99,12.51
HBEA,20170822,12.51,1.62%,12.74,12.42,105,1313.42,12.31
HBEA,20170821,12.31,-0.65%,12.5,12.26,1151,14176.48,12.39
HBEA,20170818,12.39,0.73%,12.8,12.27,244,3021.98,12.3
HBEA,20170817,12.3,0.57%,12.64,12.28,34196,420898.1,12.23
HBEA,20170816,12.23,-1.77%,12.5,12.02,1582,19584.81,12.45
HBEA,20170815,12.45,-2.96%,12.98,12.2,3278,40030.2,12.83
HBEA,20170814,12.83,2.15%,12.87,12.2,6538,80909.71,12.56
HBEA,20170811,12.56,1.29%,12.8,12.49,2841,35865.04,12.4
HBEA,20170810,12.4,-0.24%,12.69,12.39,458,5677.29,12.43
HBEA,20170809,12.43,0.16%,12.43,12.2,922,11345.83,12.41
HBEA,20170808,12.41,0.98%,12.69,12.02,9124,111634.46,12.29
HBEA,20170807,12.29,0.49%,12.78,11.81,989,12353.79,12.23
HBEA,20170804,12.23,1.92%,12.5,11.51,25931,304472.6,12
HBEA,20170803,12,3.81%,12.34,11.26,18045,213012.33,11.56
HBEA,20170802,11.56,-5.86%,13.2,11.5,67335,793054.61,12.28
HBEA,20170801,12.28,-5.61%,13.18,12,63816,790349.33,13.01
HBEA,20170731,13.01,-0.76%,13.89,12.75,487229,6402611.33,13.11
HBEA,20170728,13.11,-1.50%,13.31,12.35,305339,4014566.02,13.31
HBEA,20170727,13.31,-0.08%,13.44,13.28,310254,4134938.78,13.32
HBEA,20170726,13.32,0.76%,13.75,13,146373,1950927.08,13.22
HBEA,20170725,13.22,-1.93%,13.4,12.55,196458,2594795.81,13.48
HBEA,20170724,13.48,0.22%,13.8,13.01,393721,5326554.98,13.45
HBEA,20170721,13.45,0.43%,13.7,12.68,276133,3633288.36,12.88
HBEA,20170720,12.88,-2.35%,13.33,12.41,66329,846221.99,13.19
HBEA,20170719,13.19,-3.37%,13.85,12.99,191379,2546098.1,13.65
HBEA,20170718,13.65,-1.66%,13.95,13.3,150363,2049043.5,13.88
HBEA,20170717,13.88,-0.14%,13.97,13.45,153732,2116053.88,13.9
HBEA,20170714,13.9,-0.07%,13.99,13.21,181046,2502346.69,13.91
HBEA,20170713,13.91,0.80%,13.96,13.85,386336,5381028.09,13.8
HBEA,20170712,13.8,-1.43%,13.97,13.02,152829,2099339.89,14
HBEA,20170711,14,0.57%,14,13.5,173732,2413330.48,13.92
HBEA,20170710,13.92,-0.57%,14.54,13.11,57841,798789.45,14
HBEA,20170707,14,0.00%,14.2,13.96,100122,1405008.32,14
HBEA,20170706,14,0.36%,14.38,13.6,150845,2091384.49,13.95
HBEA,20170705,13.95,-0.85%,14.34,13.65,338520,4756140.67,14.07
HBEA,20170704,14.07,2.93%,14.5,13.67,119026,1690610.67,13.67
HBEA,20170703,13.67,0.66%,13.78,13.41,109463,1494696.16,13.58
HBEA,20170630,13.58,1.04%,13.7,13.5,136324,1850807.23,13.44
HBEA,20170629,13.44,-1.75%,13.8,13.25,160743,2144540.85,13.68
HBEA,20170628,13.68,-2.22%,13.99,13.32,173219,2410514.98,13.99
HBEA,20170627,13.99,0.65%,14.19,12.51,141632,1964714.88,13.9
HBEA,20170626,13.9,-3.20%,14.5,13.9,171768,2418343.84,14.36
HBEA,20170623,14.36,-2.38%,14.99,14.3,229987,3330719.92,14.71
HBEA,20170622,14.71,-4.04%,16.21,14,243525,3727920.92,15.33
HBEA,20170621,15.33,-0.45%,15.55,15.01,159492,2440128.95,15.4
HBEA,20170620,15.4,-1.28%,15.6,14.08,150205,2334295.41,15.6
HBEA,20170619,15.6,-0.32%,16.39,15.41,143297,2241889.21,15.65
HBEA,20170616,15.65,0.06%,15.98,14.1,162341,2527775.5,15.64
HBEA,20170615,15.64,-0.06%,15.88,15.55,114848,1796149.6,15.65
HBEA,20170614,15.65,1.23%,16.5,14,94537,1479849.06,15.46
HBEA,20170613,15.46,-3.01%,16.76,15.42,113716,1771526.79,15.94
HBEA,20170612,15.94,0.57%,16.47,15.5,81820,1301784.24,15.85
HBEA,20170609,15.85,0.25%,15.95,15.5,28862,454831.11,15.81
HBEA,20170608,15.81,0.19%,16.4,15.56,24044,386364.86,15.78
HBEA,20170607,15.78,-1.93%,16.98,15.6,62942,1018053.31,16.09
HBEA,20170606,16.09,-0.12%,16.15,15.5,48316,770356.23,16.11
HBEA,20170605,16.11,-1.04%,16.74,16.11,54149,888308.56,16.28
HBEA,20170602,16.28,-2.10%,16.5,16.2,16249,266620.6,16.63
HBEA,20170601,16.63,0.48%,17,16.51,58834,978805.8,16.71
HBEA,20170531,16.71,0.06%,16.73,16.5,39886,665618.15,16.7
HBEA,20170526,16.7,-1.30%,16.9,16.48,108470,1813845.2,16.92
HBEA,20170525,16.92,0.48%,17.08,15.81,113465,1906484.81,16.84
HBEA,20170524,16.84,-0.41%,17.15,16.67,32157,544594.44,16.91
HBEA,20170523,16.91,0.00%,17,15.71,92381,1553741.75,16.91
HBEA,20170522,16.91,0.36%,17.79,16.5,105241,1765606.83,16.85
HBEA,20170519,16.85,2.25%,16.9,16.46,131997,2199961.59,16.48
HBEA,20170518,16.48,0.49%,16.55,16.11,250302,4107410.84,16.4
HBEA,20170517,16.4,0.18%,16.46,16.32,232229,3805336.94,16.37
HBEA,20170516,16.37,0.24%,16.4,15.5,92796,1471027.02,16.33
HBEA,20170515,16.33,-0.06%,16.41,16.32,47984,785072.56,16.34
HBEA,20170512,16.34,0.68%,16.5,16.3,112257,1841538.82,16.23
HBEA,20170511,16.23,-1.52%,16.7,16.2,49102,804893.94,16.48
HBEA,20170510,16.48,-0.12%,16.89,16.19,65950,1088374.04,16.5
HBEA,20170509,16.5,1.29%,16.77,16.34,38130,628366.44,16.29
HBEA,20170508,16.29,0.56%,16.88,16.2,50599,838120.44,16.2
HBEA,20170505,16.2,-0.06%,16.47,16,128196,2079965.55,16.21
HBEA,20170504,16.21,2.34%,16.7,14.5,208920,3220078.18,15.84
HBEA,20170503,15.84,-1.74%,17.18,14.51,30036,473119.96,16.12
HBEA,20170502,16.12,-1.04%,17.29,16.1,9194,149882.24,16.29
HBEA,20170428,16.29,-1.51%,17.99,15.5,35544,576583.11,16.54
