date,place,vol,offline_vol,amount,offline_amount,close,offline_close
20210826,TJEA20,3992,-,113053,-,28.32,-
20210824,TJEA20,4000,-,112000,-,28.0,-
20210819,TJEA20,1600,-,45120,-,28.2,-
20210817,TJEA20,3940,-,112684,-,28.6,-
20210816,TJEA20,3600,-,104400,-,29.0,-
20210812,TJEA20,5000,-,140000,-,28.0,-
20210811,TJEA20,4000,-,114000,-,28.5,-
20210809,TJEA20,10000,-,280000,-,28.0,-
20210806,TJEA20,2000,-,59000,-,29.5,-
20210805,TJEA20,6000,-,116000,-,29.0,-
20210804,TJEA20,4000,-,180000,-,30.0,-
20210803,TJEA20,4000,-,124000,-,31.0,-
20210629,TJEA20,134648,243885,4406366,8124903,32.73,33.31
20210622,TJEA20,450908,50000,14742333,1341000,32.69,26.82
20210621,TJEA20,130100,184388,4228450,5829336,32.5,31.61
20210618,TJEA20,222935,37523,7579790,1302048,34.0,34.7
20210617,TJEA20,61375,2260,2026153,78422,33.01,34.7
20210616,TJEA20,312725,19000,10249013,562500,32.77,29.61
20210615,TJEA20,40000,259090,1320000,7174060,33.0,27.69
20210611,TJEA20,5138,-,166985,-,32.5,-
20210609,TJEA20,525439,80000,17326768,2280000,32.98,28.5
20210608,TJEA20,280000,240000,9184000,8400000,32.8,35
20210607,TJEA20,320000,400000,9792000,12048000,30.6,30.12
20210604,TJEA20,117000,-,3802500,-,32.5,-
20210603,TJEA20,8810,-,290730,-,33.0,-
20210602,TJEA20,20000,-,660000,-,33.0,-
20210601,TJEA20,40000,-,1240000,-,31.0,-
20210528,TJEA20,44000,-,1311200,-,29.8,-
20210527,TJEA20,20000,-,580000,-,29.0,-
20210526,TJEA20,14200,-,397600,-,28.0,-
20210519,TJEA20,14000,-,378000,-,27.0,-
20210518,TJEA20,2000,-,58000,-,29.0,-
20210517,TJEA20,40,-,1160,-,29.0,-
20210513,TJEA20,14026,-,399741,-,28.5,-
20210428,TJEA20,7300,-,203524,-,27.88,-
20210427,TJEA20,1600,-,44800,-,28.0,-
20210426,TJEA20,13000,-,364000,-,28.0,-
20210414,TJEA20,14400,-,396000,-,27.5,-
20210413,TJEA20,14000,-,392000,-,28.0,-
20210412,TJEA20,10000,-,270000,-,27.0,-
20210409,TJEA20,6000,-,153000,-,25.5,-
20210408,TJEA20,8000,-,206400,-,25.8,-
20210407,TJEA20,15000,-,390000,-,26.0,-
20210401,TJEA20,10000,-,250000,-,25.0,-
20210331,TJEA20,9400,-,231240,-,24.6,-
20210330,TJEA20,1000,-,24250,-,24.25,-
20210329,TJEA20,16000,-,384000,-,24.0,-
20210326,TJEA20,5000,-,121000,-,24.2,-
20210324,TJEA20,2000,-,49000,-,24.5,-
20210323,TJEA20,7526,-,180624,-,24.0,-
20210322,TJEA20,10000,-,250000,-,25.0,-
20210319,TJEA20,4000,-,92000,-,23.0,-
20210317,TJEA20,1526,-,36624,-,24.0,-
20210315,TJEA20,28000,-,630000,-,22.5,-
20210312,TJEA20,32000,-,736000,-,23.0,-
20210310,TJEA20,36000,-,792000,-,22.0,-
20210309,TJEA20,22224,-,498990,-,22.45,-
20210308,TJEA20,18180,-,399960,-,22.0,-
20210305,TJEA20,30000,-,645000,-,21.5,-
20210304,TJEA20,18000,-,392400,-,21.8,-
20210303,TJEA20,38072,-,799512,-,21.0,-
20210302,TJEA20,20930,-,439530,-,21.0,-
20210301,TJEA20,32000,-,704000,-,22.0,-
20210226,TJEA20,54000,-,1188000,-,22.0,-
20210225,TJEA20,16000,-,384000,-,24.0,-
20210224,TJEA20,51000,-,1198500,-,23.5,-
20210223,TJEA20,30400,-,790400,-,26.0,-
20210222,TJEA20,26400,-,739200,-,28.0,-
20210210,TJEA20,28400,-,791792,-,27.88,-
20210209,TJEA20,28000,64050,784000,1665300,28.0,26
20210208,TJEA20,24000,-,672000,-,28.0,-
20210205,TJEA20,42000,-,1176000,-,28.0,-
20210204,TJEA20,29140,-,799893,-,27.45,-
20210203,TJEA20,14500,-,397300,-,27.4,-
20210202,TJEA20,28952,-,792706,-,27.38,-
20210201,TJEA20,28800,-,789120,-,27.4,-
20210129,TJEA20,29200,-,794240,-,27.2,-
20210128,TJEA20,14800,-,399600,-,27.0,-
20210127,TJEA20,30400,-,790400,-,26.0,-
20210126,TJEA20,31600,-,796320,-,25.2,-
20210125,TJEA20,47280,-,1199966,-,25.38,-
20210122,TJEA20,31200,-,783744,-,25.12,-
20201225,TJEA20,26000,-,624000,-,24.0,-
20201224,TJEA20,28000,24000,623560,494080,22.27,20.59
20201223,TJEA20,3200,-,64800,-,20.25,-
20201222,TJEA20,3400,-,76500,-,22.5,-
20201127,TJEA20,21000,-,525000,-,25.0,-
20201126,TJEA20,12000,-,304800,-,25.4,-
20201125,TJEA20,15800,-,399740,-,25.3,-
20201124,TJEA20,14000,-,351400,-,25.1,-
20201123,TJEA20,24000,-,600000,-,25.0,-
20201120,TJEA20,15800,-,398160,-,25.2,-
20201119,TJEA20,15600,-,391560,-,25.1,-
20201118,TJEA20,15552,-,392844,-,25.26,-
20201117,TJEA20,18648,-,471981,-,25.31,-
20201116,TJEA20,18572,-,468757,-,25.24,-
20201113,TJEA20,18760,-,476504,-,25.4,-
20201112,TJEA20,18244,-,461573,-,25.3,-
20201111,TJEA20,18492,-,465998,-,25.2,-
20201110,TJEA20,28518,-,719794,-,25.24,-
20201109,TJEA20,16756,-,427278,-,25.5,-
20201106,TJEA20,25956,-,651496,-,25.1,-
20201105,TJEA20,18268,-,459988,-,25.18,-
20201104,TJEA20,17584,-,446634,-,25.4,-
20201103,TJEA20,16952,-,427190,-,25.2,-
20201102,TJEA20,17800,-,450340,-,25.3,-
20201030,TJEA20,17600,-,446160,-,25.35,-
20201029,TJEA20,18492,-,468772,-,25.35,-
20201028,TJEA20,17520,-,441504,-,25.2,-
20201027,TJEA20,27972,-,706293,-,25.25,-
20201026,TJEA20,16000,-,400000,-,25.0,-
20201023,TJEA20,25920,-,653184,-,25.2,-
20201022,TJEA20,25500,-,655350,-,25.7,-
20201021,TJEA20,16800,-,433440,-,25.8,-
20201020,TJEA20,28200,-,713460,-,25.3,-
20201019,TJEA20,18000,-,460800,-,25.6,-
20201016,TJEA20,19200,-,480000,-,25.0,-
20201015,TJEA20,16000,-,403200,-,25.2,-
20201014,TJEA20,18800,-,479400,-,25.5,-
20201013,TJEA20,18652,-,477491,-,25.6,-
20201012,TJEA20,1524,-,39624,-,26.0,-
20200930,TJEA20,2880,-,73440,-,25.5,-
20200929,TJEA20,4578,-,114450,-,25.0,-
20200928,TJEA20,4500,28572,103500,562378,23.0,19.68
20200918,TJEA20,2800,-,58800,-,21.0,-
20200917,TJEA20,3052,-,70806,-,23.2,-
20200916,TJEA20,195,-,5015,-,25.72,-
20200831,TJEA19,185,-,4773,-,25.8,-
20200828,TJEA19,170,-,4437,-,26.1,-
20200827,TJEA19,180,2000,4680,52000,26.0,26
20200826,TJEA19,19000,110789,486400,2753669,25.6,24.86
20200824,TJEA19,487552,310555,12358348,7840466,25.35,25.25
20200821,TJEA19,98813,41824,2619058,1089576,26.51,26.05
20200820,TJEA19,94000,237694,2486300,5763564,26.45,24.25
20200819,TJEA19,100000,315485,2650000,7872414,26.5,24.95
20200818,TJEA19,102000,6129,2652000,158593,26.0,25.88
20200817,TJEA19,114935,11385,2988310,284273,26.0,24.97
20200814,TJEA19,88889,121514,2307435,3032543,25.96,24.96
20200813,TJEA19,86000,-,2237400,-,26.02,-
20200812,TJEA19,30000,-,801000,-,26.7,-
20200811,TJEA19,87552,-,2330352,-,26.62,-
20200810,TJEA19,85187,4411,2271195,108070,26.66,24.5
20200807,TJEA19,123460,11785,3298850,286178,26.72,24.28
20200806,TJEA19,235172,-,6232074,-,26.5,-
20200805,TJEA19,350000,10000,9335500,258000,26.67,25.8
20200804,TJEA19,393096,-,10481593,-,26.66,-
20200803,TJEA19,70257,20000,1874559,500000,26.68,25
20200731,TJEA19,83205,-,2214380,-,26.61,-
20200730,TJEA19,71920,58580,1931052,1478790,26.85,25.24
20200729,TJEA19,43200,-,1156896,-,26.78,-
20200728,TJEA19,58240,-,1556173,-,26.72,-
20200727,TJEA19,58232,-,1556541,-,26.73,-
20200724,TJEA19,72730,-,1945528,-,26.75,-
20200723,TJEA19,65335,-,1751123,-,26.8,-
20200722,TJEA19,43530,-,1167475,-,26.82,-
20200717,TJEA19,164285,-,4407823,-,26.83,-
20200716,TJEA19,72900,-,1946430,-,26.7,-
20200715,TJEA19,72980,-,1945647,-,26.66,-
20200714,TJEA19,72653,-,1945647,-,26.78,-
20200713,TJEA19,72820,-,1945750,-,26.72,-
20200710,TJEA19,43476,-,1167331,-,26.85,-
20200709,TJEA19,58120,-,1556454,-,26.78,-
20200708,TJEA19,72060,-,1945620,-,27.0,-
20200707,TJEA19,72740,-,1945795,-,26.75,-
20200706,TJEA19,72600,-,1945680,-,26.8,-
20200703,TJEA19,72870,54300,1945629,1390080,26.7,25.6
20200702,TJEA19,58560,-,1556525,-,26.58,-
20200701,TJEA19,56800,-,1513152,-,26.64,-
20200630,TJEA19,59408,-,1556490,-,26.2,-
20200629,TJEA19,62760,45728,1556448,1208188,24.8,26.42
20200624,TJEA19,50666,-,1350249,-,26.65,-
20200623,TJEA19,43446,-,1160008,-,26.7,-
20200622,TJEA19,22500,-,594000,-,26.4,-
20200619,TJEA19,22167,-,596292,-,26.9,-
20200618,TJEA19,7336,-,192937,-,26.3,-
20200617,TJEA19,7238,-,192531,-,26.6,-
20200616,TJEA19,7424,-,196736,-,26.5,-
20200615,TJEA19,7677,-,198067,-,25.8,-
20200611,TJEA19,34852,-,871300,-,25.0,-
20200609,TJEA19,3450,-,79350,-,23.0,-
20200608,TJEA19,3500,-,77000,-,22.0,-
20200605,TJEA19,3500,-,78400,-,22.4,-
20200604,TJEA19,3600,-,81000,-,22.5,-
20200603,TJEA19,3800,-,87400,-,23.0,-
20200602,TJEA19,1700,5000,38250,110000,22.5,22
20200601,TJEA19,2200,-,50600,-,23.0,-
20200528,TJEA19,1800,-,45000,-,25.0,-
20200527,TJEA19,1144,-,28600,-,25.0,-
20200526,TJEA19,3000,-,72000,-,24.0,-
20200525,TJEA19,2000,-,48000,-,24.0,-
20200522,TJEA19,2000,-,46000,-,23.0,-
20200521,TJEA19,1800,-,42300,-,23.5,-
20200520,TJEA19,2000,-,46000,-,23.0,-
20200519,TJEA19,10000,-,220000,-,22.0,-
20200518,TJEA19,25000,-,500000,-,20.0,-
20200515,TJEA19,260,-,5460,-,21.0,-
20200514,TJEA19,266,-,5381,-,20.23,-
20200513,TJEA19,270,-,5535,-,20.5,-
20200512,TJEA19,251,-,5020,-,20.0,-
20200511,TJEA19,268,-,5226,-,19.5,-
20200508,TJEA19,286,-,5548,-,19.4,-
20200507,TJEA19,249,-,4823,-,19.37,-
20200506,TJEA19,250,-,4875,-,19.5,-
20200430,TJEA19,295,-,5605,-,19.0,-
20200429,TJEA19,280,-,5404,-,19.3,-
20200428,TJEA19,270,-,5130,-,19.0,-
20200427,TJEA19,285,-,5301,-,18.6,-
20200424,TJEA19,256,-,4608,-,18.0,-
20200423,TJEA19,246,-,4551,-,18.5,-
20200422,TJEA19,300,-,5490,-,18.3,-
20200421,TJEA19,310,-,5828,-,18.8,-
20200420,TJEA19,130,-,2418,-,18.6,-
20200417,TJEA19,200,-,3800,-,19.0,-
20200416,TJEA19,330,-,6270,-,19.0,-
20200415,TJEA19,347,-,6420,-,18.5,-
20200414,TJEA19,160,-,3072,-,19.2,-
20200413,TJEA19,187,-,3553,-,19.0,-
20200410,TJEA19,336,-,6552,-,19.5,-
20200409,TJEA19,335,-,6633,-,19.8,-
20200408,TJEA19,316,-,6478,-,20.5,-
20200407,TJEA19,277,10000,5540,190000,20.0,19
20200403,TJEA19,240,-,4680,-,19.5,-
20200402,TJEA19,280,-,5488,-,19.6,-
20200401,TJEA19,348,-,6960,-,20.0,-
20200331,TJEA19,248,-,4836,-,19.5,-
20200330,TJEA19,200,-,3800,-,19.0,-
20200327,TJEA19,300,-,5550,-,18.5,-
20200326,TJEA19,366,-,6698,-,18.3,-
20200325,TJEA19,296,-,5476,-,18.5,-
20200324,TJEA19,285,-,5130,-,18.0,-
20200323,TJEA19,270,-,4914,-,18.2,-
20200320,TJEA19,300,-,5400,-,18.0,-
20200319,TJEA19,335,-,5762,-,17.2,-
20200318,TJEA19,333,-,5661,-,17.0,-
20200317,TJEA19,305,-,5429,-,17.8,-
20200316,TJEA19,322,-,5635,-,17.5,-
20200312,TJEA19,350,-,5950,-,17.0,-
20200311,TJEA19,342,-,5814,-,17.0,-
20200310,TJEA19,260,-,4316,-,16.6,-
20200309,TJEA19,280,-,4620,-,16.5,-
20200306,TJEA19,330,-,5511,-,16.7,-
20200305,TJEA19,340,-,5593,-,16.45,-
20200304,TJEA19,275,-,4620,-,16.8,-
20200303,TJEA19,250,-,4325,-,17.3,-
20200302,TJEA19,350,-,5950,-,17.0,-
20200228,TJEA19,240,-,3960,-,16.5,-
20200227,TJEA19,300,-,4900,-,16.33,-
20200226,TJEA19,200,-,3200,-,16.0,-
20200121,TJEA19,320,-,4848,-,15.15,-
20200120,TJEA19,380,-,5700,-,15.0,-
20200116,TJEA19,405,-,6156,-,15.2,-
20200115,TJEA19,400,-,6320,-,15.8,-
20200114,TJEA19,410,-,6806,-,16.6,-
20200113,TJEA19,255,-,4208,-,16.5,-
20200110,TJEA19,247,-,3952,-,16.0,-
20200108,TJEA19,125,-,1963,-,15.7,-
20200107,TJEA19,300,-,4800,-,16.0,-
20200106,TJEA19,415,-,6433,-,15.5,-
20200103,TJEA19,350,-,5460,-,15.6,-
20200102,TJEA19,400,-,6320,-,15.8,-
20191230,TJEA19,427,-,6576,-,15.4,-
20191025,TJEA19,170,257,2385,3598,14.03,14
20190822,TJEA19,365,-,4818,-,13.2,-
20190812,TJEA19,387,-,4992,-,12.9,-
20190731,TJEA19,400,-,5400,-,13.5,-
20190717,TJEA19,400,-,5240,-,13.1,-
20180614,TJEA17,5000,37783,69650,394022,13.93,10.43
20180601,TJEA17,4380,-,56064,-,12.8,-
20180511,TJEA17,740,-,8954,-,12.1,-
20170628,TJEA16,7980,-,88578,-,11.1,-
20170620,TJEA16,1520,-,18544,-,12.2,-
20170616,TJEA16,980,-,13230,-,13.5,-
20170613,TJEA16,200,-,2700,-,13.5,-
20170605,TJEA16,200,-,2756,-,13.78,-
20170321,TJEA16,76000,-,1029800,-,13.55,-
20160929,TJEA16,100,-,1505,-,15.05,-
20160914,TJEA16,100,-,1474,-,14.74,-
20160804,TJEA16,80,-,1179,-,14.74,-
20160803,TJEA16,120,-,1770,-,14.75,-
20160801,TJEA16,100,-,1460,-,14.6,-
20160729,TJEA16,100,-,1450,-,14.5,-
20160629,TJEA15,100,-,1400,-,14.0,-
20160628,TJEA15,60,3478,876,27824,14.6,8
20160627,TJEA15,80,38186,1264,301669,15.8,7.9
20160622,TJEA15,4480,40310,78400,520890,17.5,12.92
20160617,TJEA15,100,-,1900,-,19.0,-
20160615,TJEA15,80,8334,1684,116676,21.05,14
20160614,TJEA15,100,-,2100,-,21.0,-
20160607,TJEA15,80,-,1676,-,20.95,-
20160603,TJEA15,10000,-,210000,-,21.0,-
20160602,TJEA15,80,-,1844,-,23.05,-
20160526,TJEA15,60,-,1381,-,23.01,-
20160525,TJEA15,80,-,1840,-,23.0,-
20160520,TJEA15,60,-,1384,-,23.06,-
20160517,TJEA15,40,-,922,-,23.05,-
20160513,TJEA15,40,-,923,-,23.08,-
20160512,TJEA15,60,-,1386,-,23.1,-
20160510,TJEA15,80,-,1850,-,23.12,-
20160506,TJEA15,80,-,1852,-,23.15,-
20160505,TJEA15,60,-,1390,-,23.17,-
20160504,TJEA15,80,-,1855,-,23.19,-
20160503,TJEA15,80,-,1854,-,23.18,-
20160429,TJEA15,60,-,1389,-,23.15,-
20160428,TJEA15,100,-,2317,-,23.17,-
20160427,TJEA15,60,-,1389,-,23.15,-
20160426,TJEA15,80,-,1851,-,23.14,-
20160425,TJEA15,100,-,2316,-,23.16,-
20160422,TJEA15,100,-,2318,-,23.18,-
20160421,TJEA15,60,-,1389,-,23.15,-
20160420,TJEA15,40,-,924,-,23.1,-
20160419,TJEA15,60,-,1392,-,23.2,-
20160418,TJEA15,80,-,1854,-,23.18,-
20160415,TJEA15,100,-,2325,-,23.25,-
20160413,TJEA15,60,-,1393,-,23.22,-
20160412,TJEA15,100,-,2319,-,23.19,-
20160408,TJEA15,80,-,1856,-,23.2,-
20160407,TJEA15,60,-,1393,-,23.22,-
20160406,TJEA15,80,-,1860,-,23.25,-
20160405,TJEA15,60,-,1392,-,23.2,-
20160401,TJEA15,120,-,2780,-,23.17,-
20160330,TJEA15,100,-,2313,-,23.13,-
20160325,TJEA15,60,-,1385,-,23.08,-
20160324,TJEA15,140,-,3232,-,23.09,-
20160322,TJEA15,40,-,926,-,23.15,-
20160318,TJEA15,100,-,2320,-,23.2,-
20160317,TJEA15,120,-,2779,-,23.16,-
20160315,TJEA15,60,-,1386,-,23.1,-
20160311,TJEA15,60,-,1384,-,23.06,-
20160309,TJEA15,40,-,920,-,23.0,-
20160308,TJEA15,80,-,1844,-,23.05,-
20160303,TJEA15,100,-,2309,-,23.09,-
20160302,TJEA15,60,-,1387,-,23.12,-
20160301,TJEA15,120,-,2770,-,23.08,-
20160229,TJEA15,100,-,2303,-,23.03,-
20160226,TJEA15,160,-,3679,-,22.99,-
20160120,TJEA15,60,-,1368,-,22.8,-
20160111,TJEA15,140,-,3188,-,22.77,-
20160106,TJEA15,140,-,3193,-,22.81,-
20160104,TJEA15,120,-,2739,-,22.83,-
20151230,TJEA15,100,-,2282,-,22.82,-
20151228,TJEA15,120,-,2737,-,22.81,-
20151224,TJEA15,60,-,1369,-,22.82,-
20151222,TJEA15,60,-,1371,-,22.85,-
20151221,TJEA15,160,-,3658,-,22.86,-
20151218,TJEA15,140,-,3197,-,22.84,-
20151217,TJEA15,120,-,2743,-,22.86,-
20151216,TJEA15,100,-,2282,-,22.82,-
20151215,TJEA15,140,-,3201,-,22.86,-
20151214,TJEA15,120,-,2744,-,22.87,-
20151211,TJEA15,140,-,3196,-,22.83,-
20151210,TJEA15,60,-,1371,-,22.85,-
20151209,TJEA15,120,-,2744,-,22.87,-
20151208,TJEA15,60,-,1371,-,22.85,-
20151207,TJEA15,120,-,2744,-,22.87,-
20151204,TJEA15,140,-,3195,-,22.82,-
20151203,TJEA15,100,-,2289,-,22.89,-
20151202,TJEA15,140,-,3200,-,22.86,-
20151201,TJEA15,140,-,3211,-,22.93,-
20151130,TJEA15,120,-,2752,-,22.93,-
20151126,TJEA15,140,-,3204,-,22.89,-
20151125,TJEA15,120,-,2752,-,22.94,-
20151124,TJEA15,100,-,2297,-,22.97,-
20151123,TJEA15,120,-,2751,-,22.93,-
20151119,TJEA15,100,-,2298,-,22.98,-
20151118,TJEA15,140,-,3224,-,23.03,-
20151117,TJEA15,120,-,2754,-,22.95,-
20151116,TJEA15,100,-,2286,-,22.86,-
20151112,TJEA15,120,-,2732,-,22.77,-
20151111,TJEA15,120,-,2751,-,22.93,-
20151110,TJEA15,140,-,3222,-,23.02,-
20151109,TJEA15,120,-,2757,-,22.98,-
20151106,TJEA15,160,-,3687,-,23.04,-
20151105,TJEA15,120,-,2854,-,23.78,-
20151103,TJEA15,140,-,3186,-,22.75,-
20151102,TJEA15,120,-,2734,-,22.78,-
20151030,TJEA15,140,-,3200,-,22.86,-
20151029,TJEA15,180,-,4148,-,23.04,-
20151028,TJEA15,180,-,4190,-,23.28,-
20151027,TJEA15,180,-,4338,-,24.1,-
20151026,TJEA15,140,-,3372,-,24.09,-
20151023,TJEA15,100,-,2406,-,24.06,-
20151022,TJEA15,180,-,4329,-,24.05,-
20151021,TJEA15,180,-,4320,-,24.0,-
20151020,TJEA15,160,-,3851,-,24.07,-
20151019,TJEA15,180,-,4329,-,24.05,-
20151016,TJEA15,160,-,3843,-,24.02,-
20151015,TJEA15,180,-,4306,-,23.92,-
20151014,TJEA15,180,-,4334,-,24.08,-
20151013,TJEA15,140,-,3360,-,24.0,-
20151012,TJEA15,480,-,11508,-,23.98,-
20151009,TJEA15,420,-,9928,-,23.64,-
20151008,TJEA15,380,-,8970,-,23.61,-
20150930,TJEA15,500,-,11585,-,23.17,-
20150929,TJEA15,340,-,7863,-,23.13,-
20150928,TJEA15,280,-,6458,-,23.06,-
20150925,TJEA15,420,-,9688,-,23.07,-
20150924,TJEA15,380,-,8757,-,23.05,-
20150923,TJEA15,340,-,7858,-,23.11,-
20150922,TJEA15,320,-,7380,-,23.06,-
20150921,TJEA15,280,-,6469,-,23.1,-
20150918,TJEA15,340,-,7861,-,23.12,-
20150917,TJEA15,280,-,6449,-,23.03,-
20150916,TJEA15,340,-,7820,-,23.0,-
20150915,TJEA15,240,-,5504,-,22.93,-
20150914,TJEA15,180,-,4080,-,22.67,-
20150911,TJEA15,100,-,2300,-,23.0,-
20150910,TJEA15,240,-,5468,-,22.78,-
20150909,TJEA15,280,-,6309,-,22.53,-
20150908,TJEA15,260,-,5838,-,22.45,-
20150907,TJEA15,400,-,9023,-,22.56,-
20150902,TJEA15,460,-,10332,-,22.46,-
20150901,TJEA15,420,-,9386,-,22.35,-
20150831,TJEA15,400,-,8909,-,22.27,-
20150812,TJEA15,280,-,6206,-,22.16,-
20150811,TJEA15,220,-,4855,-,22.07,-
20150810,TJEA15,340,-,7512,-,22.09,-
20150807,TJEA15,800,-,17040,-,21.3,-
20150710,TJEA14,40,34826,820,583082,20.5,16.74
20150707,TJEA14,20,21334,380,345501,19.0,16.19
20150706,TJEA14,40,-,703,-,17.58,-
20150703,TJEA14,5440,3397,99718,40764,18.33,12
20150702,TJEA14,300,-,5002,-,16.67,-
20150701,TJEA14,120,-,1844,-,15.37,-
20150630,TJEA14,800,-,11452,-,14.32,-
20150626,TJEA14,20,-,266,-,13.3,-
20150623,TJEA14,400,-,4905,-,12.26,-
20150619,TJEA14,860,-,10122,-,11.77,-
20150618,TJEA14,1060,-,11872,-,11.2,-
20150617,TJEA14,20,-,249,-,12.44,-
20150608,TJEA14,100,-,1382,-,13.82,-
20150605,TJEA14,200,-,3070,-,15.35,-
20150602,TJEA14,280,-,4777,-,17.06,-
20150525,TJEA14,100,-,1895,-,18.95,-
20150521,TJEA14,200,-,3790,-,18.95,-
20150520,TJEA14,240,-,5051,-,21.05,-
20150519,TJEA14,240,-,4990,-,20.79,-
20150518,TJEA14,60,-,1194,-,19.9,-
20150514,TJEA14,300,-,6585,-,21.95,-
20150513,TJEA14,100,-,2195,-,21.95,-
20150511,TJEA14,40,-,938,-,23.45,-
20150508,TJEA14,60,-,1449,-,24.15,-
20150507,TJEA14,120,-,2895,-,24.13,-
20150504,TJEA14,40,-,963,-,24.08,-
20150430,TJEA14,80,-,1930,-,24.13,-
20150429,TJEA14,40,-,976,-,24.4,-
20150427,TJEA14,80,-,1946,-,24.33,-
20150424,TJEA14,80,-,1949,-,24.37,-
20150423,TJEA14,40,-,976,-,24.4,-
20150422,TJEA14,100,-,2434,-,24.34,-
20150421,TJEA14,60,-,1464,-,24.4,-
20150420,TJEA14,80,-,1956,-,24.45,-
20150417,TJEA14,40,-,980,-,24.5,-
20150416,TJEA14,460,-,11204,-,24.36,-
20150415,TJEA14,120,-,2924,-,24.37,-
20150414,TJEA14,200,-,4879,-,24.4,-
20150413,TJEA14,180,-,4399,-,24.44,-
20150410,TJEA14,140,-,3426,-,24.47,-
20150409,TJEA14,220,-,5355,-,24.34,-
20150408,TJEA14,200,-,4875,-,24.37,-
20150407,TJEA14,220,-,5384,-,24.47,-
20150403,TJEA14,180,-,4398,-,24.43,-
20150402,TJEA14,1660,-,41358,-,24.91,-
20150401,TJEA14,120,-,3021,-,25.18,-
20150331,TJEA14,220,-,5568,-,25.31,-
20150330,TJEA14,200,-,5053,-,25.27,-
20150327,TJEA14,160,-,4040,-,25.25,-
20150326,TJEA14,180,-,4515,-,25.08,-
20150325,TJEA14,360,-,9072,-,25.2,-
20150324,TJEA14,500,-,12769,-,25.54,-
20150323,TJEA14,160,-,4021,-,25.13,-
20150320,TJEA14,120,-,3006,-,25.05,-
20150319,TJEA14,220,-,5516,-,25.07,-
20150318,TJEA14,60,-,1506,-,25.1,-
20150317,TJEA14,360,-,8999,-,25.0,-
20150316,TJEA14,200,-,5006,-,25.03,-
20150313,TJEA14,480,-,11988,-,24.98,-
20150312,TJEA14,240,-,6039,-,25.16,-
20150311,TJEA14,200,-,4964,-,24.82,-
20150310,TJEA14,220,-,5407,-,24.58,-
20150309,TJEA14,180,-,4550,-,25.28,-
20150306,TJEA14,280,-,7024,-,25.09,-
20150305,TJEA14,260,-,6583,-,25.32,-
20150304,TJEA14,280,-,6709,-,23.96,-
20150303,TJEA14,220,-,5517,-,25.08,-
20150302,TJEA14,180,-,4516,-,25.09,-
20150227,TJEA14,160,-,3925,-,24.53,-
20150226,TJEA14,340,-,8360,-,24.59,-
20150225,TJEA14,120,-,3027,-,25.23,-
20150217,TJEA14,220,-,5522,-,25.1,-
20150216,TJEA14,180,-,4510,-,25.06,-
20150213,TJEA14,120,-,2970,-,24.75,-
20150212,TJEA14,160,-,3840,-,24.0,-
20150211,TJEA14,120,-,2880,-,24.0,-
20150210,TJEA14,60,-,1500,-,25.0,-
20150209,TJEA14,240,-,6010,-,25.04,-
20150206,TJEA14,120,-,2969,-,24.75,-
20150205,TJEA14,100,-,2472,-,24.72,-
20150204,TJEA14,120,-,2988,-,24.9,-
20150203,TJEA14,220,-,5486,-,24.94,-
20150202,TJEA14,280,-,7017,-,25.06,-
20150130,TJEA14,180,-,4492,-,24.96,-
20150129,TJEA14,160,-,4005,-,25.03,-
20150128,TJEA14,620,-,15420,-,24.87,-
20150127,TJEA14,440,-,10823,-,24.6,-
20150126,TJEA14,160,-,4006,-,25.04,-
20150123,TJEA14,340,-,8369,-,24.62,-
20150122,TJEA14,100,-,2513,-,25.13,-
20150121,TJEA14,260,-,6535,-,25.13,-
20150120,TJEA14,220,-,5525,-,25.12,-
20150119,TJEA14,180,-,4515,-,25.08,-
20150116,TJEA14,240,-,6014,-,25.06,-
20150115,TJEA14,160,-,4008,-,25.05,-
20150114,TJEA14,220,-,5519,-,25.09,-
20150113,TJEA14,320,-,8019,-,25.06,-
20150112,TJEA14,120,-,2991,-,24.93,-
20150109,TJEA14,240,-,6011,-,25.04,-
20150108,TJEA14,700,-,17512,-,25.02,-
20150107,TJEA14,160,-,4008,-,25.05,-
20150106,TJEA14,160,-,4006,-,25.04,-
20150105,TJEA14,120,-,2980,-,24.83,-
20141231,TJEA14,60,-,1515,-,25.25,-
20141230,TJEA14,160,-,4035,-,25.22,-
20141229,TJEA14,100,-,2526,-,25.26,-
20141226,TJEA14,260,-,6570,-,25.27,-
20141225,TJEA14,240,-,6059,-,25.25,-
20141224,TJEA14,220,-,5543,-,25.2,-
20141223,TJEA14,240,-,6040,-,25.17,-
20141222,TJEA14,220,-,5526,-,25.12,-
20141219,TJEA14,340,-,8589,-,25.26,-
20141218,TJEA14,280,-,7209,-,25.75,-
20141217,TJEA14,220,-,5598,-,25.45,-
20141216,TJEA14,120,-,3051,-,25.43,-
20141215,TJEA14,580,-,14643,-,25.25,-
20141212,TJEA14,100,-,2522,-,25.22,-
20141211,TJEA14,60,-,1506,-,25.1,-
20141210,TJEA14,60,-,1506,-,25.1,-
20141209,TJEA14,100,-,2500,-,25.0,-
20141208,TJEA14,220,-,5537,-,25.17,-
20141205,TJEA14,60,-,1512,-,25.2,-
20141204,TJEA14,640,-,16220,-,25.34,-
20141203,TJEA14,100,-,2513,-,25.13,-
20141202,TJEA14,100,-,2508,-,25.08,-
20141201,TJEA14,60,-,1500,-,25.0,-
20141128,TJEA14,100,-,2520,-,25.2,-
20141127,TJEA14,100,-,2551,-,25.51,-
20141126,TJEA14,1440,-,36784,-,25.54,-
20141125,TJEA14,60,-,1500,-,25.0,-
20141124,TJEA14,460,-,11324,-,24.62,-
20141121,TJEA14,100,-,2496,-,24.96,-
20141120,TJEA14,80,-,1988,-,24.85,-
20141119,TJEA14,100,-,2503,-,25.03,-
20141118,TJEA14,440,-,11043,-,25.1,-
20141117,TJEA14,700,-,17902,-,25.57,-
20141114,TJEA14,340,-,8720,-,25.65,-
20141113,TJEA14,120,-,3092,-,25.77,-
20141112,TJEA14,100,-,2620,-,26.2,-
20141111,TJEA14,560,-,15212,-,27.16,-
20141110,TJEA14,100,-,2700,-,27.0,-
20141107,TJEA14,1040,-,26680,-,25.65,-
20141106,TJEA14,680,-,18932,-,27.84,-
20141105,TJEA14,180,-,5021,-,27.89,-
20141104,TJEA14,180,-,5042,-,28.01,-
20141103,TJEA14,200,-,5535,-,27.68,-
20141031,TJEA14,600,-,16350,-,27.25,-
20141010,TJEA14,20,-,542,-,27.08,-
20140918,TJEA14,780,-,23469,-,30.09,-
20140917,TJEA14,20,-,653,-,32.67,-
20140916,TJEA14,100,-,2970,-,29.7,-
20140912,TJEA14,500,-,13500,-,27.0,-
20140910,TJEA14,20,-,492,-,24.6,-
20140909,TJEA14,20,-,448,-,22.39,-
20140821,TJEA14,20,-,407,-,20.35,-
20140808,TJEA14,20,-,407,-,20.35,-
20140807,TJEA14,400,-,9045,-,22.61,-
20140806,TJEA14,300,-,6856,-,22.86,-
20140805,TJEA14,300,-,6816,-,22.72,-
20140804,TJEA14,360,-,8098,-,22.49,-
20140801,TJEA14,220,-,4859,-,22.09,-
20140731,TJEA14,200,-,4776,-,23.88,-
20140730,TJEA14,400,-,9476,-,23.69,-
20140729,TJEA14,260,-,5790,-,22.27,-
20140728,TJEA14,200,-,4404,-,22.02,-
20140725,TJEA13,440,110183,10244,2173169,23.28,19.72
20140724,TJEA13,460,658656,9832,11197152,21.37,17
20140723,TJEA13,440,3630,9380,67881,21.32,18.7
20140722,TJEA13,1280,-,25600,-,20.0,-
20140721,TJEA13,360,-,7440,-,20.67,-
20140718,TJEA13,2060,-,42716,-,20.74,-
20140717,TJEA13,14860,-,327146,-,22.02,-
20140716,TJEA13,3660,-,88918,-,24.3,-
20140715,TJEA13,800,-,20148,-,25.19,-
20140714,TJEA13,1020,-,24313,-,23.84,-
20140711,TJEA13,4960,1453,116365,34669,23.46,23.86
20140710,TJEA13,4200,-,101352,-,24.13,-
20140709,TJEA13,300,-,7750,-,25.83,-
20140708,TJEA13,300,-,7560,-,25.2,-
20140707,TJEA13,18640,-,494116,-,26.51,-
20140704,TJEA13,5240,-,144004,-,27.48,-
20140703,TJEA13,17100,-,506006,-,29.59,-
20140702,TJEA13,820,-,25755,-,31.41,-
20140701,TJEA13,5420,-,177059,-,32.67,-
20140630,TJEA13,3920,-,139458,-,35.58,-
20140627,TJEA13,1980,-,72191,-,36.46,-
20140626,TJEA13,820,1258,30718,50320,37.46,40
20140625,TJEA13,600,-,23711,-,39.52,-
20140624,TJEA13,3300,-,136002,-,41.21,-
20140623,TJEA13,18080,-,766787,-,42.41,-
20140620,TJEA13,500,-,19290,-,38.58,-
20140619,TJEA13,1520,-,57897,-,38.09,-
20140618,TJEA13,820,-,28397,-,34.63,-
20140617,TJEA13,1760,-,55402,-,31.48,-
20140616,TJEA13,480,-,13816,-,28.78,-
20140613,TJEA13,600,-,17870,-,29.78,-
20140612,TJEA13,820,-,24278,-,29.61,-
20140611,TJEA13,800,-,24145,-,30.18,-
20140610,TJEA13,700,-,20562,-,29.37,-
20140609,TJEA13,820,-,23818,-,29.05,-
20140606,TJEA13,660,-,20522,-,31.09,-
20140605,TJEA13,640,-,20150,-,31.49,-
20140604,TJEA13,300,-,9002,-,30.01,-
20140603,TJEA13,860,-,25124,-,29.21,-
20140530,TJEA13,900,-,25266,-,28.07,-
20140529,TJEA13,880,-,24644,-,28.01,-
20140528,TJEA13,800,-,22954,-,28.69,-
20140527,TJEA13,1020,-,29054,-,28.48,-
20140526,TJEA13,680,-,20663,-,30.39,-
20140523,TJEA13,820,-,25418,-,31.0,-
20140522,TJEA13,400,-,12906,-,32.27,-
20140521,TJEA13,640,-,20523,-,32.07,-
20140520,TJEA13,780,-,25458,-,32.64,-
20140519,TJEA13,1020,-,34490,-,33.81,-
20140516,TJEA13,1340,-,46876,-,34.98,-
20140515,TJEA13,1720,-,59736,-,34.73,-
20140514,TJEA13,680,-,21605,-,31.77,-
20140513,TJEA13,380,-,12545,-,33.01,-
20140512,TJEA13,1040,-,34348,-,33.03,-
20140509,TJEA13,1120,-,39176,-,34.98,-
20140508,TJEA13,720,-,26709,-,37.1,-
20140507,TJEA13,40,-,1546,-,38.64,-
20140505,TJEA13,620,-,21778,-,35.13,-
20140430,TJEA13,680,-,24579,-,36.15,-
20140429,TJEA13,300,-,11100,-,37.0,-
20140428,TJEA13,940,-,34839,-,37.06,-
20140425,TJEA13,420,-,15100,-,35.95,-
20140424,TJEA13,400,-,14868,-,37.17,-
20140423,TJEA13,780,-,29250,-,37.5,-
20140422,TJEA13,240,-,8749,-,36.45,-
20140421,TJEA13,240,-,9001,-,37.51,-
20140418,TJEA13,200,-,7650,-,38.25,-
20140417,TJEA13,560,-,22372,-,39.95,-
20140416,TJEA13,180,-,7252,-,40.29,-
20140415,TJEA13,40,-,1465,-,36.63,-
20140411,TJEA13,220,-,7326,-,33.3,-
20140410,TJEA13,280,-,9240,-,33.0,-
20140409,TJEA13,400,-,12000,-,30.0,-
20140408,TJEA13,460,-,14871,-,32.33,-
20140404,TJEA13,160,-,5480,-,34.25,-
20140403,TJEA13,240,-,7472,-,31.14,-
20140402,TJEA13,780,-,25553,-,32.76,-
20140401,TJEA13,200,-,7002,-,35.01,-
20140331,TJEA13,300,-,10145,-,33.82,-
20140328,TJEA13,240,-,8342,-,34.76,-
20140327,TJEA13,360,-,12083,-,33.57,-
20140326,TJEA13,220,-,7305,-,33.2,-
20140325,TJEA13,840,-,29705,-,35.36,-
20140324,TJEA13,200,-,7063,-,35.31,-
20140321,TJEA13,2020,-,78458,-,38.84,-
20140320,TJEA13,180,-,7660,-,42.56,-
20140319,TJEA13,2220,-,101208,-,45.59,-
20140318,TJEA13,40,-,2004,-,50.11,-
20140317,TJEA13,440,-,21216,-,48.22,-
20140314,TJEA13,440,-,20910,-,47.52,-
