date,close,vol,amount
20210831,70,100,7000
20210827,61.49,15999,983733.3
20210826,66,2500,165000
20210825,67.82,22016,1493125.9
20210818,66,263,17358
20210813,66,5000,330000
20210812,63.03,10995,693001.8
20210810,71.39,1120,79960
20210722,71.23,18058,1286344
20210721,70,89,6230
20210720,61.1,9999,610938.9
20210719,60,9999,599940
20210716,61.6,12500,770000
20210715,60,110,6600
20210714,50.36,18860,949697.6
20210713,45.7,59999,2741945.8
20210712,44.54,19968,889446.4
20210709,52,1354,70408
20210708,52.78,39996,2110788.9
20210707,33,39996,1319868
20210706,41.23,15175,625695.6
20210705,50.3,2,100.6
20210702,62.9,5082,319657.8
20210629,78.6,1600,125760
20210628,75.5,13000,981500
20210625,77.2,2300,177550
20210624,67.25,200,13450
20210623,57.91,19833,1148512.2
20210618,71,4,284
20210616,70.4,7393,520467.2
20210615,88,3500,308000
20210610,93.8,300,28140
20210609,85.62,8961,767270
20210531,87.5,52,4550
20210528,77.3,1000,77300
20210527,64.35,7685,494512
20210521,79,100,7900
20210519,81.49,2610,212700
20210518,87.5,1000,87500
20210517,84.85,11000,933300
20210514,79.8,5900,470820
20210513,81.87,1030,84344
20210512,82,500,41000
20210511,82,500,41000
20210510,80,1,80
20210507,67.8,1200,81360
20210506,52.9,14963,844913.7
20210430,52.89,8791,464932
20210429,47.6,11999,571149.6
20210428,42.02,6014,252730
20210427,43.77,1200,52520
20210426,50.11,1801,90252
20210423,47,3001,141047.4
20210422,39.52,156,6164.4
20210420,35.3,7000,247100
20210419,32.4,100,3240
20210416,27,50,1350
20210415,24,17780,426720
20210414,30,6567,197010
20210407,34,4383,149022
20210331,28.41,1100,31250
20210330,30.63,1050,32160
20210319,36,50,1800
20210318,30,50,1500
20210317,25.71,7000,180000
20210302,25,2298,57450
20210223,30,2800,84000
20210208,30,3000,90000
20210205,37.5,5,187.5
20210203,46.2,4544,209932.8
20210202,38.5,2073,79810.5
20210201,46.4,1705,79112
20210126,48.75,4,195
20210125,45.04,11531,519315.4
20210122,36,13,468
20210119,42.81,7586,324722
20210118,40.93,12520,512431.3
20210115,38.44,10370,398656.8
20210113,47.8,2338,111756.4
20210112,59.7,21,1253.7
20201230,80,500,40000
20201229,75,1000,75000
20201223,84,2323,195132
20201222,85,3400,289000
20201221,75,1000,75000
20201218,64.7,5205,336763.5
20201217,75.68,15145,1146189.8
20201216,72.8,1042,75857.6
20201215,87.45,2942,257275
20201214,91.01,121,11012
20201209,90,100,9000
20201208,75,1000,75000
20201207,62.58,7885,493413.2
20201204,69.75,12533,874155.7
20201203,71.1,10000,711000
20201202,71.8,2000,143600
20201201,71,3900,276900
20201126,88.8,105,9324
20201123,74,100,7400
20201120,66,7519,496254
20201116,82.5,5317,438652.5
20201113,90.09,18158,1635885.8
20201112,93.92,55536,5215821
20201111,91.53,39888,3651081.5
20201110,96.29,35822,3449420.1
20201109,91.55,9350,856020
20201106,92.3,40752,3761609.7
20201105,91.87,36550,3357996
20201104,93.82,72517,6803332
20201103,88.8,8826,783752.8
20201102,93.42,9746,910479
20201030,89.44,9010,805863.2
20201029,92.9,9007,836706
20201028,89.41,14623,1307494
20201027,93.75,13125,1230501
20201026,88.84,1784,2823786.8
20201023,88.96,11988,1066457.6
20201022,93.97,9652,906952
20201021,94.96,8868,1791681.7
20201020,92.62,24706,2288197.2
20201019,95.21,12490,1189115.7
20201016,95.37,8993,857646.6
20201015,95.2,7987,760360.7
20201014,95.12,26753,2544637.6
20201013,95.28,26988,2571451
20201012,94.6,17966,1699495.7
20201009,90.08,11037,994200.4
20200929,88.29,44453,3924971.2
20200928,86.48,25352,834292
20200925,94.97,4090,388444
20200924,95.79,505,48376
20200922,93.97,14180,1332544
20200921,94.66,11496,1088157
20200916,87.58,104,9108.8
20200915,76.2,1000,76200
20200914,63.5,2600,165100
20200911,65.3,5381,351379
20200909,81.57,6426,524156.8
20200908,83.56,6254,522565
20200907,93.92,3830,359702
20200904,86.71,6836,592750.6
20200902,91.96,12189,1120848
20200901,91.89,5809,533798.8
20200831,95.28,5610,534525
20200828,90.62,22054,1998520.6
20200827,81.88,12656,1036326.4
20200826,89.9,100,8990
20200825,93.83,5410,507617
20200821,92.14,12472,1149182
20200820,102.96,498,51276
20200819,94,294,27636
20200817,90.65,8144,738271.6
20200812,94.29,5402,509377.2
20200810,98.2,1442,141601.2
20200806,98.18,7285,715222.5
20200805,91.85,6500,597050
20200804,95.35,19371,1847100
20200803,94,100,9400
20200731,89.36,11800,1054400
20200730,94,100,9400
20200729,93.77,615,57669.5
20200728,86.61,3033,262677.4
20200727,95.2,200,19040
20200724,95.2,1834,74596.8
20200723,90.62,4047,366749.7
20200722,93.93,265,24892
20200721,88.64,8590,761451
20200720,92.58,4005,370776
20200717,94,5175,486450
20200715,94,100,9400
20200714,84.87,18420,1563231
20200713,85.13,12740,1084508
20200710,93.5,100,9350
20200709,86.92,8989,781332.2
20200708,87.29,11186,976382.2
20200707,100,1548,154800
20200706,92.94,3095,287664
20200702,93.79,1421,133274.4
20200630,93,100,9300
20200629,88.83,5861,520630
20200624,90,15800,1422000
20200622,93.7,132,12368.4
20200619,90.5,3864,349692
20200618,90.1,200,18020
20200616,80,1000,80000
20200615,69.42,617,42834.1
20200612,74.54,14221,1060001.5
20200611,89.4,90,8046
20200608,89.2,231,20605.2
20200605,83.98,2052,172324.6
20200604,89.3,231,20628.3
20200603,89.1,307,27353.7
20200513,88,109,9592
20200512,74.34,4680,347916
20200422,85.43,184,15720
20200417,86.17,111,9565.2
20200416,85.37,72,6146.3
20200410,86.8,106,9200.8
20200407,87.2,133,11597.6
20200401,86.7,105,9103.5
20200327,86.3,100,8630
20200325,86.33,230,19855.1
20200324,87,5500,478500
20200323,85.6,205,17548
20200320,84.72,4700,398180
20200318,83.97,6975,585695
20200317,86.1,475,40897.5
20200313,84.4,600,50640
20200312,81,1000,81000
20200311,68,300,20400
20200218,84.5,1,84.5
20200109,84.5,350,29575
20200108,80.1,300,24030
20200107,76.2,400,30480
20200106,73.1,487,35600
20191231,70,1024,71680
20191230,68.7,1000,68700
20191227,75,873,65475
20191225,82.8,4242,351238
20191223,75.82,5910,448070
20191220,77,80,6160
20191219,76,84,6384
20191218,75.15,6620,497510
20191217,71.26,3619,257902
20191216,61.93,28000,1734000
20191213,60,1,60
20191212,74.66,9215,687957
20191211,76.48,14315,1094789.5
20191210,75.38,780,58800
20191203,72.11,9500,685000
20191202,66,500,33000
20191128,55.1,3319,182876.9
20191127,53.18,27227,1447898
20191126,53.88,23877,1286537
20191125,55.1,21424,1180542.5
20191122,48.4,15686,759202
20191121,60.5,280,16940
20191119,67.2,425,28560
20191022,84,100,8400
20191021,76,1,76
20191018,81.4,4,325.6
20191016,87.3,3251,283812
20191015,86.49,3220,278510
20191010,86.71,4910,425732
20191009,86.5,266,23009
20190930,87.17,4339,378240
20190927,86.73,15333,1329897
20190926,86.25,14364,1238952
20190925,86.4,4856,419572
20190924,86.9,5570,484047
20190923,86.68,5282,457843
20190920,86.58,14765,1278345
20190919,86.31,65997,5696190
20190917,86.49,20346,1759712.4
20190916,86.72,32026,2777214.8
20190912,87.2,5158,449777.6
20190911,86.18,54199,4670939.2
20190910,86.9,216,18770
20190906,86.4,6780,585822
20190905,86.76,11887,1031340.4
20190904,86.5,200,17300
20190903,85.58,77,6589.7
20190902,83.66,11816,988483.8
20190830,82.81,72419,5996851.2
20190829,86.95,137749,11977090.2
20190828,87.01,116973,10177588.3
20190827,87,79328,6901925.9
20190826,86.96,103584,9007843.3
20190823,86.95,23340,2029430
20190822,86.91,49119,4268982.6
20190821,86.47,93218,8060338.6
20190820,86.57,95752,8288819.4
20190819,85.1,58496,4978245.5
20190816,85.95,88726,7625626.6
20190815,86.94,73021,6348443.4
20190814,87.06,48879,4255582.2
20190813,87.36,26739,2335785.5
20190812,86.87,22809,1981326.4
20190809,86.98,10242,890826.5
20190808,85.93,26790,2302174
20190807,86.79,44369,3853169.4
20190806,87.17,32629,2844150
20190805,87.48,84378,7381772.4
20190802,87.2,22928,1999291.4
20190801,83.92,25061,2103194.5
20190731,87.4,200,17480
20190730,87.24,38803,3384986.8
20190729,87.08,7556,657946
20190726,86.86,32464,2819969.6
20190725,86.14,36533,3146963.4
20190724,87.25,36998,3228260.2
20190723,87.43,30787,2691742.6
20190722,87.34,37761,3297917.8
20190719,87.2,9317,812446.6
20190718,87.21,36830,3211864
20190717,87.17,64180,5594578.5
20190716,86.87,24859,2159388.5
20190715,86.94,13890,1207635
20190712,86.08,20527,1766863.7
20190711,86.71,13217,1146019.8
20190709,86.71,54968,4766212.8
20190708,86.79,10956,950856.5
20190705,86.9,123,10688.7
20190704,84.9,47682,4048343.2
20190703,84.46,22493,1899865.4
20190702,87.04,16075,1399160.6
20190701,87.21,48292,4211759.1
20190628,87.3,11600,1012680
20190627,87.26,15581,1359574.7
20190626,87.2,238,20753.6
20190625,82.14,12295,1009912
20190624,81.96,29611,2427019.8
20190621,87.47,69492,6078594.6
20190620,84.56,28468,2407248.8
20190619,83.21,22651,1884744.5
20190618,86.92,6969,605728.2
20190617,87,200,17400
20190614,87.33,300,26200
20190613,81.86,11918,975628.5
20190612,81.9,200,16380
20190611,81.09,9941,806160.4
20190610,81.04,1481,120013.9
20190606,78,200,15600
20190605,77.37,40778,3154850.3
20190604,77.36,1102,85254.8
20190603,71.82,6053,434745.4
20190531,65.9,1,65.9
20190530,82.41,1283,105732
20190524,82.49,29300,2417010
20190522,82.05,46268,3796070.8
20190521,83.88,715,59977.5
20190520,77.12,24656,1901584
20190517,73.66,34526,2543033
20190516,69.48,30856,2143752
20190515,62.51,9618,601217.4
20190514,77.88,4378,340962.6
20190513,77.1,200,15420
20190510,75.75,183,13861.8
20190509,75.47,8027,605758.5
20190508,75.37,14215,1071407.5
20190430,75.59,1970,148904
20190429,74.34,25138,1868818
20190426,75.03,4800,360160
20190425,73.81,26784,1976808
20190424,77.49,13996,1084482.9
20190423,73.72,16255,1198268
20190422,73.67,12486,919815.4
20190419,72.43,39769,2880287.2
20190411,74.02,2176,161076.2
20190410,74.12,11868,879635.1
20190408,74.44,18,1340
20190404,73,100,7300
20190402,70.28,3313,232829.4
20190329,69.82,2357,164575
20190328,69.29,3442,238504
20190327,68.1,2,136.2
20190322,67.5,2,135
20190318,67.94,10,679.4
20190313,67,8,536
20190311,68.4,50,3420
20190308,66.5,100,6650
20190307,65,100,6500
20190306,63.67,150,9550
20190305,61.79,140,8650
20190225,60.5,10,606.5
20190222,60.79,1172,71244.8
20190129,60.5,17500,1058750
20190125,74,6000,444000
20190118,60.1,500,30050
20190104,75.1,1000,75100
20190103,71,818,58078
20190102,65.06,457,29731.2
20181228,57.03,6783,386834
20181227,58.73,4460,261950
20181226,51.54,52,2680
20181225,50,100,5000
20181224,45.5,240,10920
20181221,40,30003,1200120
20181219,42,600,25200
20181218,42,2500,105000
20181217,49.98,1559,77915.9
20181214,50.1,1000,50100
20181213,49.09,9740,478106
20181212,52.37,13003,681020
20181211,50.04,5351,267742.5
20181210,45.55,9001,410035
20181206,58.78,14516,853187.6
20181205,57.59,1626,93644.4
20181204,55.46,5819,322724.7
20181203,51.64,3731,192654.6
20181130,50.89,401,20405
20181129,51.29,225,11540
20181128,50.33,14426,726012
20181127,50.16,7502,376277
20181123,43.59,559,24366.8
20181122,41.4,994,41151.6
20181121,35,1999,69960.2
20181120,37.8,486,18370.8
20181119,41.3,498,20567.4
20181116,45.47,212,9639.6
20181115,47,8,376
20181107,47.1,500,23550
20181105,49.42,44000,2174400
20181102,43.9,116534,5116179.6
20181101,43.8,30497,1335768.6
20181031,51.69,46996,2429199.2
20181030,50.2,500,25100
20181029,61.2,500,30600
20181009,74.6,9170,684082
20181008,64,229,14656
20180928,55.6,2000,111200
20180927,46.3,3500,162050
20180926,38.6,9999,385961.4
20180925,32.22,24406,786356.2
20180921,31.11,20069,624417.6
20180920,30.32,110535,3351254.3
20180919,30.44,5295,161171
20180918,36.15,13833,500085.5
20180917,41,1,41
20180914,51.2,15,768
20180906,64,9875,632000
20180828,69.6,4305,299632.5
20180822,70.63,2035,143741.5
20180820,70.6,4,282.4
20180815,70.6,7010,494937
20180814,70.31,17310,1217111
20180809,70.71,22225,1571557.8
20180807,70.49,19640,1384408.8
20180806,70.9,100,7090
20180803,70.74,19117,1352407.7
20180802,70.12,19275,1351561.9
20180801,69.62,17081,1189117.7
20180731,70.02,30798,2156335.6
20180730,70.24,125260,8798173.6
20180727,69.52,63045,4383030.7
20180726,70.11,118481,8306199.5
20180725,69.33,137773,9551334.8
20180724,69.83,47471,3314731.3
20180723,68.09,132756,9039020.6
20180720,69.44,66601,4624449.6
20180719,68.46,52023,3561575.1
20180718,68.11,119259,8122948.8
20180717,68.99,61705,4257032.9
20180716,68.86,46251,3184691
20180713,68.52,25835,1770136.6
20180712,68.31,42514,2904278.8
20180711,68.18,68642,4680326.8
20180710,69.1,26792,1851312
20180709,69.23,8035,556283.4
20180706,69.32,11011,763306.1
20180705,69.1,3230,223189
20180704,69.4,42996,2983984.8
20180703,68.75,16985,1167762.5
20180702,68.05,6629,451116.8
20180629,67.31,13498,908494.2
20180628,64.85,63959,4147889.6
20180627,62.43,16261,1015221.2
20180626,59.66,83836,5001638.8
20180625,54.54,45104,2460095.2
20180622,51.01,93144,4751587.2
20180621,44.01,21036,925865.6
20180620,48.14,27565,1326961.4
20180619,40.71,48597,1978185.7
20180615,36.04,175876,6339281.3
20180614,34.18,263,8989.2
20180613,40.48,23676,958343.2
20180612,44.9,14250,639825
20180611,56.14,29853,1675867.8
20180608,65.83,30206,1988611.9
20180607,65.91,28598,1884870
20180606,64.95,32463,2108437.9
20180605,64.07,1330,85211
20180604,63.42,8572,543600
20180601,62.47,11600,724600
20180531,61.68,21998,1356877.8
20180530,61.05,14000,854700
20180528,60.12,32805,1972268.5
20180525,59.85,33449,2001902.3
20180524,59.6,500,29800
20180523,59.2,200,11840
20180522,58.73,8749,513829.3
20180521,57.11,11500,656740
20180518,57.11,31045,1773100.8
20180517,53.97,44557,2404677.8
20180516,49.48,52330,2589200
20180515,50.02,35644,1782841.6
20180514,47,385,18095
20180511,58.83,6026,354509.4
20180510,58.53,18102,1059583.8
20180509,58.63,8900,521820
20180507,58.5,14824,867259
20180504,58.71,14248,836448.8
20180503,58.2,20,1164
20180427,57.65,4432,255514.8
20180425,57.4,2000,114800
20180424,47.82,9490,453834
20180420,52.24,27000,1410500
20180419,47.1,2452,115489.2
20180413,58.92,5000,294600
20180412,50.76,7100,360400
20180411,53.39,702,37480
20180322,59.3,51,3024.3
20180321,58.51,37,2164.9
20180320,56.6,44,2490.4
20180314,53.5,9000,481500
20180208,56.2,33,1854.6
20180207,51.58,1672,86240
20180206,54.03,8506,459603.2
20180205,56,1,56
20180201,56.4,96,5414.4
20180131,58,140,8120
20180130,55,120,6600
20180126,50.27,25740,1293960
20180125,49.6,200,9920
20180124,41.3,600,24780
20180115,51.58,2880,148548
20180111,51.8,1130,58534
20180110,43.2,1000,43200
20171229,54,15,810
20171117,57.71,9100,525160
20171116,54.5,200,10900
20171115,51.5,200,10300
20171106,48.7,200,9740
20171103,40.6,1000,40600
20171030,50.65,7400,374810
20171027,56.38,401,22609.3
20171013,49.1,100,4910
20171012,40.9,3,122.7
20171011,51.13,2764,141331.2
20170926,51,104,5304
20170828,51,2,102
20170816,49.1,202,9917.6
20170811,49,3,147
20170810,48.53,3188,154719.2
20170809,46.2,2,92.4
20170808,48,1460,70.074.00
20170728,50.97,27000,1376300
20170727,50.6,30003,1518182.1
20170719,50.6,2,101.2
20170712,49.98,2137,106809.1
20170707,50.6,7206,364623.6
20170704,50.56,1401,70841.4
20170703,50.51,1373,69354.8
20170630,50.33,6493,326784.1
20170629,51.11,3004,153545.2
20170628,51.11,10107,516529.8
20170626,51.18,8345,427092.5
20170623,51.11,1362,69618.6
20170622,51.14,3292,168343.6
20170621,51.35,9249,474955.7
20170620,51.39,19467,1000361.6
20170619,51.15,6216,317966.4
20170615,56.63,52333,2963821.9
20170614,52.55,46970,2468332.8
20170613,51.33,122042,6264216.1
20170612,51.22,80504,4123161.6
20170611,50.6,21109,1068128.5
20170610,51.8,22420,1161251.4
20170609,47.55,126633,6021921.6
20170608,49.93,115860,5784845.6
20170607,48.56,94837,4605394.1
20170606,46.71,154960,7238609.6
20170605,46.62,72801,3393862.2
20170602,46.81,80173,3752861.5
20170601,49.43,27733,1370933.6
20170531,52.53,94272,4952504.2
20170526,52.81,99040,5230709
20170525,52.58,122883,6461513.9
20170524,51.28,37219,1908760
20170523,50.01,41216,2061306
20170522,50.63,16607,840765.6
20170519,51.03,40398,2061493.5
20170518,55.56,8162,453503.6
20170517,59.78,8507,508584.2
20170516,50.75,36318,1843214.4
20170515,51.79,11500,595600
20170512,51.09,12855,656771
20170511,50.19,20596,1033767.2
20170510,47.72,2910,138858
20170508,52.32,2000,104640
20170505,50.29,17342,872187.7
20170504,51.76,10993,568971.6
20170503,51.54,7001,360839.6
20170502,50.36,11580,583200
20170428,49.98,21346,1066955.2
20170427,49.46,39035,1930531.7
20170426,44.96,122968,5528479.2
20170425,42.35,32279,1367117.9
20170424,51.16,12500,639500
20170421,49.16,25116,1234691.6
20170420,50,33745,1687407.5
20170419,51.12,13250,677350
20170418,53.8,15141,814651.9
20170417,52.81,1210,63903
20170414,52.85,4550,240490
20170413,49.66,38459,1909940
20170412,47.83,37477,1792593
20170411,47.17,26285,1239866.5
20170410,52.59,228,11991.6
20170407,53.52,3000,160550
20170406,53.09,17970,954094
20170405,53,1100,58350
20170330,52.14,4100,213790
20170329,52.4,21286,1115375.2
20170328,52.24,1900,99260
20170327,51.71,40487,2093752.4
20170324,51.47,3200,164700
20170317,51.9,92,4774.8
20170316,53.3,64,3411.2
20170315,52.6,86,4523.6
20170314,51.83,3700,191760
20170310,50.96,2500,127400
20170309,48.98,7920,387957
20170308,51.4,58,2981.2
20170307,52.3,18000,941400
20170306,52.3,82,4288.6
20170228,54.98,8068,443556.4
20170227,55,2,110
20170222,51.73,11,569
20170221,50.57,68,3438.7
20170220,51.46,58,2984.4
20170216,52.3,56,2928.8
20170215,61.6,40,2464
20170213,51.26,70,3588
20170210,51.2,64,3276.8
20170207,50.06,105,5256
20170203,51,98,4998
20170126,50.35,3100,156100
20170125,50.8,260,13208
20170124,49.21,9500,467500
20170123,48.66,16012,779120
20170119,50.25,5796,291227.6
20170118,52.17,14530,758000
20170117,50.88,5320,270666
20170116,49.5,1200,59400
20170111,49.5,6,297
20170106,50.5,6,303
20170105,48.88,29108,1422742
20170104,44.3,3004,133077.2
20170103,51.36,9160,470416
20161230,55.4,16,886.4
20161229,54.2,8,433.6
20161227,53.3,120,6396
20161226,53.33,90,4800
20161221,52.3,72,3765.6
20161220,48.85,670,32730
20161215,51.8,58,3004.4
20161214,51.9,66,3425.4
20161213,52.3,56,2928.8
20161209,50.5,60,3030
20161207,52.6,56,2945.6
20161206,54.2,54,2926.8
20161202,56.5,16000,904000
20161201,61.22,303,18550.4
20161130,51.99,8180,425302.4
20161129,69,460,31740
20161128,60.2,580,34916
20161125,50.2,62,3112.4
20161123,50.84,3212,163292
20161122,50.8,58,2946.4
20161116,49.54,1950,96610
20161115,49.83,5400,269080
20161114,50.2,64,3212.8
20161111,51.1,58,2963.8
20161109,50.6,66,3339.6
20161107,51.2,66,3379.2
20161104,51.6,64,3302.4
20161103,49.68,1123,55793.8
20161102,50.8,62,3149.6
20161031,52,62,3224
20161027,52.1,62,3230.2
20161026,52.6,58,3050.8
20161025,53.2,106,5639.2
20161018,51.3,52,2667.6
20161017,53.1,54,2867.4
20161013,51.8,62,3211.6
20161011,50.48,360,18174
20161010,52.4,56,2934.4
20160930,53,56,2968
20160928,52.1,60,3126
20160927,52.6,62,3261.2
20160923,50,300,15000
20160920,52.95,57,3018
20160919,53.8,58,3120.4
20160912,53.6,60,3216
20160907,53,58,3074
20160906,55.3,1500,82950
20160905,52.2,56,2923.2
20160902,53,60,3180
20160901,53.18,110,5.850.00
20160831,52.1,84,4376.4
20160830,52.6,62,3261.2
20160829,52,1500,78000
20160826,52.6,58,3050.8
20160825,54,60,3240
20160824,53.78,16514,888109.8
20160823,52.9,60,3174
20160822,52.6,55,2893
20160819,53,56,2968
20160818,53.2,64,3404.8
20160817,47.17,18744,884083.2
20160816,44,1650,72600
20160815,54.98,2371,130366.2
20160812,54.73,167,9140.6
20160811,52.8,27,1425.6
20160810,53.1,50,2655
20160809,53.5,48,2568
20160808,53,52,2756
20160805,53.8,50,2690
20160804,53.34,146,7787.6
20160803,53.34,138,7360.8
20160802,53.06,195,10346.8
20160801,53.33,61,3253.1
20160728,53.41,111,5928
20160727,53.73,151,8113.1
20160726,53.94,177,9547
20160725,53.83,157,8451.4
20160722,53.73,171,9187.1
20160721,53.93,191,10301.1
20160720,51.43,231,11879.3
20160719,42.9,1,42.9
20160718,53.56,3800,203520
20160713,53,82,4346
20160712,52.46,2350,123270
20160711,53,97,5141
20160707,52.84,51,2694.6
20160706,49.5,6452,319362.4
20160704,47.35,79,3740.9
20160701,44.87,101,4531.6
20160630,39.45,2077,81932.4
20160629,47.53,32282,1534473.7
20160628,52.13,16053,836908.5
20160627,55.55,7646,424729
20160626,64.42,4041,260323.2
20160625,55.79,17435,972647
20160624,54.77,19246,1054144.8
20160623,54,21672,1170231
20160622,53.06,71338,3784904.6
20160621,54.71,37963,2077079.6
20160620,53.66,12955,695101
20160619,52.83,8625,455625
20160618,51.19,8980,459698.8
20160617,50.21,52022,2611793
20160616,48.68,46075,2242912.4
20160615,45.67,47456,2167198.2
20160614,50.83,129272,6571130.6
20160613,51.16,120421,6160916.9
20160612,50.73,121208,6148783.1
20160608,50.94,113015,5756672
20160607,50.25,114270,5742224.8
20160606,52.03,92382,4806460
20160603,51.42,62126,3194807.4
20160602,50.64,84104,4259336.7
20160601,53.38,62685,3346131.6
20160531,51,42143,2149090.9
20160530,51.16,52198,2670556
20160527,52.19,74068,3865955.7
20160526,52.2,41557,2169194.9
20160525,51.99,65351,3397581.4
20160524,50.39,18261,920141.9
20160523,47.44,127317,6039684.8
20160520,41.96,68293,2865608.5
20160519,42.11,13523,569396.3
20160518,53.05,15349,814214.4
20160517,51.98,23757,1234845.8
20160516,50.96,25642,1306672
20160513,51.29,52270,2680795.8
20160512,49.71,18500,919672
20160511,46.15,65283,3013021.5
20160510,46.37,4463,206929
20160509,47.32,12096,572429.4
20160506,44.57,18754,835944
20160505,45.09,10234,461454
20160504,51.02,10370,529118
20160503,49.2,400,19680
20160429,49.7,1900,94430
20160428,50.86,7000,356000
20160425,47.5,90,4275
20160421,39.94,3340,133.416.00
20160420,43.9,120,5268
20160419,36.82,87761,3231385.7
20160418,33.56,4508,151266.8
20160415,38.3,2600,99580
20160414,36.89,7787,287240.9
20160412,38.38,7682,294827.8
20160411,34.5,1619,55855.5
20160408,43.13,1800,77640
20160407,39.96,16034,640660.8
20160406,38.99,1510,58872
20160405,48.7,100,4870
20160401,40.7,100,4070
20160331,33.94,32320,1029104
20160330,33.99,1191,40478.8
20160329,39.97,29949,1196934.8
20160328,36.91,6410,236624
20160325,37.75,1451,54774.1
20160324,36.79,25142,925031.6
20160323,37.2,209,7774.8
20160322,46.47,3,139.4
20160318,47,300,14100
20160317,40.41,7000,282900
20160316,50.2,260,13052
20160311,51,300,15300
20160310,48.2,256,12339.2
20160309,46,200,9200
20160308,41.5,200,8300
20160304,34.64,4850,167980
20160303,39,100,3900
20160302,32.56,9000,293000
20160301,33.29,6540,217692
20160229,38,400,15200
20160226,33.65,8000,269200
20160225,37.4,1000,37400
20160222,37.4,5000,187000
20160219,37.4,5000,187000
20160217,46.7,1,46.7
20160215,39,101,3939.4
20160205,32.8,1700,55760
20160201,41.01,110,4511
20160126,38.9,100,3890
20160125,32.4,4350,140940
20160121,40.47,115,4654.5
20160118,37.74,1150,43400
20160115,35,300,10500
20160114,43.69,31,1354.3
20160107,53.6,1,53.6
20160105,44.7,5900,263730
20151231,40.52,193,7820
20151230,37.8,2900,109620
20151228,37,5400,199800
20151224,37.39,693,25913
20151222,35.5,400,14200
20151221,35,150,5250
20151216,38.83,1800,69900
20151208,39,150,5850
20151207,33.6,250,8400
20151202,40,120,4800
20151127,33.6,2950,99120
20151126,41.5,150,6225
20151119,42,100,4200
20151109,40,500,20000
20151106,41,500,20500
20151105,43,120,5160
20151030,45,100,4500
20151022,44.5,105,4672
20151014,43,100,4300
20151009,41.09,145,5958
20150928,39.7,200,7940
20150921,43,120,5160
20150914,46.5,8500,395250
20150910,45,100,4500
20150909,45.76,8600,393500
20150827,49.14,21,1032
20150825,60,1,60
20150824,50,1,50
20150820,42,110,4620
20150819,50,1,50
20150814,41.68,110,4585
20150810,41.88,85,3559.5
20150804,41.73,110,4590
20150731,42,70,2940
20150723,41.91,91,3814
20150721,42,100,4200
20150716,42,23,966
20150708,35,1000,35000
20150703,38.9,1152,44812.8
20150629,39.47,29177,1151527.5
20150626,40.66,11000,447250
20150625,38.83,19944,774473
20150619,40.39,9824,396839.5
20150618,41.22,16450,678133.9
20150617,45.9,7170,329105
20150616,40,951,38040
20150615,41.07,43672,1793681.2
20150612,41.66,56827,2367629.7
20150611,43.5,57908,2519273.9
20150610,44.16,72380,3196181.8
20150609,46.51,60014,2790980.8
20150608,45.87,36393,1669514
20150605,46.39,49442,2293520.1
20150604,46.36,69058,3201659.8
20150603,46.88,18117,849240.9
20150602,46.55,16798,781895.3
20150601,46.79,43334,2027607.6
20150529,46.76,56295,2632406.6
20150528,46.87,12667,593748.9
20150527,47.22,46359,2188935.1
20150526,47.76,25317,1209076
20150525,46.57,21718,1011327.5
20150522,47.39,11830,560673.4
20150521,46.98,11393,535208.7
20150520,47.35,16713,791386
20150519,45.8,4100,187780
20150518,48.35,9426,455771.5
20150515,48.1,20747,997979.4
20150514,47.68,8015,382174
20150513,48.6,5000,243000
20150512,47.83,5600,267840
20150511,50.15,15834,794131.8
20150508,50.2,1560,78312
20150507,49.95,2938,146746.2
20150506,50.46,2605,131442
20150505,50.11,1800,90200
20150504,50.17,16706,838059
20150430,50.45,6801,343141
20150428,50.59,21838,1104799
20150427,50.7,5396,273604
20150424,50.28,12521,629590
20150423,50.83,4894,248775.2
20150422,50,539,26950
20150421,51.58,4817,248449
20150420,51,10,510
20150417,51,2600,132600
20150416,50.8,3200,162560
20150415,50.71,8350,423435
20150414,50.9,3000,152700
20150413,51.14,8782,449101.2
20150410,52,490,25480
20150409,52,1000,52000
20150408,50.39,16000,806300
20150407,51,5000,255000
20150403,51,1082,55182
20150402,51,6000,306000
20150401,50.45,9059,457038
20150331,50,4440,222000
20150330,50,1800,90000
20150327,50.26,9000,452296.1
20150326,52,141,7332
20150325,51.09,3303,168756
20150324,51.12,15680,801510
20150323,51.52,4200,216400
20150320,52,2560,133120
20150319,51.04,5530,282230
20150318,51.5,10000,515000
20150317,52,5580,290160
20150313,50.92,2600,132400
20150312,51.16,5080,259892
20150311,51.99,8900,462700
20150310,51.88,5300,274950
20150309,54.5,100,5450
20150306,54.5,1800,98100
20150305,52.5,7100,372750
20150303,51.5,1000,51500
20150302,52,1700,88400
20150226,54.5,50,2725
20150225,51.55,2050,105675
20150216,51,1000,51000
20150213,53.13,22290,1184373
20150212,53.1,4000,212400
20150210,52.04,7300,379900
20150209,53.07,2100,111450
20150206,53.92,1300,70100
20150205,54,800,43200
20150204,53,1000,53000
20150203,54.5,400,21800
20150202,54,300,16200
20150130,53,500,26500
20150129,53,1000,53000
20150127,53,4000,212000
20150126,53.59,1100,58950
20150123,54.56,1600,87290
20150122,52.22,11500,600500
20150120,53.96,2500,134900
20150119,54,1000,54000
20150116,53.82,4500,242200
20150115,55,600,33000
20150113,53,1000,53000
20150112,53.5,1500,80250
20150109,52.43,3500,183500
20150108,53.5,2000,107000
20150107,53.02,5200,275700
20150106,54,1000,54000
20141231,54.19,3100,168000
20141230,53.45,4400,235200
20141229,53.43,2100,112200
20141226,53.53,1200,64240
20141224,53,1200,63600
20141223,53,1800,95400
20141222,52.8,500,26400
20141219,52.93,1500,79400
20141218,52.31,2700,141250
20141217,52.5,1800,94500
20141216,52.89,1800,95200
20141215,52.5,300,15750
20141212,52.29,2100,109800
20141211,52.12,1300,67750
20141210,52.8,800,42240
20141209,52.5,300,15750
20141208,52.35,10700,560100
20141205,53,3500,185500
20141203,52.93,1500,79400
20141201,52.5,600,31500
20141128,52.4,2000,104800
20141127,52.5,500,26250
20141125,52,1000,52000
20141121,52.3,500,26150
20141120,52,3700,192400
20141119,52,3000,156000
20141118,53,1000,53000
20141117,52.05,3800,197800
20141114,52,800,41600
20141104,50,9000,450000
20141103,51,700,35700
20141030,51,1000,51000
20141029,50,9000,450000
20141028,52.12,1300,67760
20141024,52,500,26000
20141023,52.5,50,2625
20141022,52.5,600,31500
20141017,52.1,1500,78150
20141015,52,1000,52000
20141009,52.5,500,26250
20140930,51,3650,186150
20140926,51,10000,510000
20140924,52,200,10400
20140918,51,10000,510000
20140916,53.4,600,32040
20140915,50,100,5000
20140912,53.6,600,32160
20140911,53.5,400,21400
20140909,53,600,31800
20140905,53,1000,53000
20140902,53.5,450,24075
20140829,53,500,26500
20140826,54.6,1700,92820
20140821,48,7000,336000
20140820,50,2400,120000
20140819,55,3903,214665
20140813,57,200,11400
20140811,57,300,17100
20140808,58,600,34800
20140806,58.1,400,23240
20140730,58,2000,116000
20140729,60,1500,90000
20140725,74.9,8000,599200
20140723,72,2000,144000
20140722,72.5,200,14500
20140721,73,300,21900
20140716,77,465,35805
20140715,76.11,5610,426970
20140714,76.71,7966,611042
20140711,74.04,50737,3756601.1
20140710,74.07,50819,3763961.6
20140709,69.45,26286,1825613.5
20140708,68.99,44784,3089695.6
20140707,68.23,11779,803651.4
20140704,68.18,20656,1408294.1
20140703,66.77,66161,4417460.3
20140702,67.12,27956,1876435.7
20140701,66.15,37587,2486413.5
20140630,62.45,5021,313557.5
20140627,66.48,18617,1237642
20140626,56.87,101188,5754369.4
20140625,54.72,45444,2486769.4
20140624,53.54,30955,1657292.5
20140623,53.52,20531,1098725.1
20140620,53.4,140,7476
20140619,53.46,21349,1141229.5
20140618,53.5,30979,1657376.5
20140617,53.36,8238,439611.6
20140616,53.36,19156,1022125.2
20140613,53.33,32661,1741655.3
20140612,53.5,25185,1347372.5
20140611,53.47,20951,1120246.6
20140610,53.7,400,21480
20140609,53.45,36577,1954946.8
20140606,53.32,16228,865302.4
20140605,53.3,1650,87950
20140604,53.8,200,10760
20140603,53.47,2753,147210.2
20140530,53,3148,166844
20140529,53.1,3206,170250.4
20140528,53.26,9405,500947.5
20140527,52,2000,104000
20140526,52.99,31381,1662978
20140523,53.5,4700,251430
20140522,53.5,1000,53500
20140521,53.36,2300,122730
20140520,53.36,568,30308
20140519,53.34,4345,231773
20140516,52.79,1400,73900
20140515,53.5,1900,101650
20140514,52.6,900,47340
20140513,53.5,900,48150
20140512,53.5,2400,128400
20140509,53.17,1800,95700
20140508,53.03,2400,127280
20140507,52.56,4300,226000
20140506,52.83,1220,64450
20140505,53.32,1700,90640
20140430,53.15,1200,63780
20140429,53.48,2200,117650
20140428,53,700,37100
20140425,53.64,1100,59000
20140424,54,600,32400
20140423,53.5,600,32100
20140422,54,600,32400
20140421,53,400,21200
20140418,52,4000,208000
20140417,55.38,800,44300
20140416,53.51,900,48160
20140415,57,100,5700
20140414,57.29,1000,57290
20140411,57.26,900,51530
20140410,57,1100,62700
20140409,53.15,1200,63780
20140408,57.02,900,51320
20140404,57.18,1000,57180
20140403,53.39,1400,74750
20140402,57,700,39900
20140401,52.38,1200,62850
20140331,54.85,1250,68560
20140328,56.86,1000,56860
20140327,56.85,800,45480
20140326,56.51,1000,56510
20140325,56.95,600,34170
20140321,54.97,1100,60470
20140320,56.39,1200,67670
20140319,56.31,900,50680
20140318,56.48,1000,56480
20140317,56.17,1000,56170
20140314,54,500,27000
